patient_id,age,sex,insurance_type,smoker,registration_date
1001,52,Male,Private,Yes,2021-10-29
1002,58,Female,Private,Yes,2024-03-18
1003,47,Male,Private,No,2021-07-14
1004,34,Male,Private,Yes,2024-09-11
1005,43,Female,Private,No,2022-06-07
1006,32,Female,Medicare,No,2023-05-19
1007,53,Male,Private,No,2022-08-20
1008,79,Female,Private,No,2022-05-25
1009,42,Male,Private,No,2024-06-16
1010,40,Female,Medicare,No,2022-06-03
1011,62,Male,Private,No,2024-11-29
1012,59,Female,Private,No,2023-07-14
1013,54,Female,Medicare,No,2022-06-09
1014,33,Male,Medicaid,No,2024-06-15
1015,51,Male,Private,No,2022-02-10
1016,66,Female,Medicare,No,2022-05-13
1017,25,Male,Private,No,2024-07-21
1018,43,Female,Medicaid,Yes,2021-10-06
1019,14,Female,Private,No,2024-07-13
1020,26,Female,Medicare,No,2021-01-05
1021,15,Female,Medicaid,No,2021-01-14
1022,47,Female,Medicare,No,2021-07-20
1023,27,Male,Private,No,2023-06-18
1024,57,Male,Private,No,2024-05-27
1025,55,Female,Uninsured,No,2024-05-19
1026,48,Female,Private,Yes,2023-07-01
1027,2,Female,Private,Yes,2023-07-25
1028,41,Male,Uninsured,No,2024-12-17
1029,51,Female,Private,No,2024-10-17
1030,54,Male,Private,Yes,2021-04-12
1031,21,Male,Private,No,2023-03-30
1032,42,Male,Private,No,2022-06-19
1033,32,Male,,Yes,2021-07-16
1034,36,Male,Medicare,No,2024-03-07
1035,73,Female,Private,No,2023-03-03
1036,36,Female,Private,Yes,2023-08-24
1037,51,Female,Medicaid,No,2023-01-24
1038,70,Female,Medicaid,No,2021-04-08
1039,40,Female,Medicare,Yes,2024-06-19
1040,50,Female,Private,No,2022-08-10
1041,54,Male,Medicare,No,2021-11-17
1042,53,Female,Medicare,No,2023-07-20
1043,27,Female,Private,No,2022-03-20
1044,54,Female,Medicaid,No,2023-10-02
1045,79,Female,Private,No,2023-01-16
1046,21,Male,Medicare,No,2022-10-22
1047,69,Female,Private,Yes,2021-05-26
1048,54,Female,Medicare,No,2021-10-02
1049,39,Female,Medicaid,No,2024-06-16
1050,92,Female,Medicare,No,2024-11-11
1051,67,Female,Private,No,2023-03-18
1052,28,Female,Uninsured,No,2022-11-13
1053,53,Female,Medicare,No,2021-09-20
1054,64,Female,Private,No,2023-11-14
1055,48,Male,Private,No,2023-08-05
1056,66,Female,Medicaid,No,2023-02-20
1057,51,Male,Private,No,2022-01-27
1058,65,Female,Medicare,No,2021-04-28
1059,81,Female,Medicare,No,2024-11-16
1060,38,Male,Medicare,No,2021-12-12
1061,56,Female,Medicaid,Yes,2023-08-12
1062,43,Male,Medicare,No,2021-04-03
1063,55,Male,Medicare,No,2023-09-25
1064,28,Male,Private,No,2021-10-06
1065,40,Female,Medicaid,No,2023-10-18
1066,48,Male,Private,No,2021-10-20
1067,70,Male,Medicare,No,2022-12-25
1068,75,Male,Private,No,2022-08-29
1069,26,Female,Uninsured,No,2023-01-19
1070,36,Male,Uninsured,Yes,2022-04-15
1071,65,Male,Private,Yes,2022-05-09
1072,12,Female,Uninsured,No,2022-06-14
1073,43,Female,Medicare,No,2023-07-20
1074,50,Female,Private,No,2024-04-07
1075,77,Male,Medicare,Yes,2022-06-19
1076,66,Male,Private,No,2021-02-01
1077,45,Male,Medicare,No,2021-10-12
1078,45,Male,Private,No,2021-05-31
1079,47,Male,Private,No,2023-07-07
1080,82,Male,Private,No,2024-03-25
1081,43,Male,Medicare,No,2021-11-06
1082,46,Male,Medicaid,No,2023-02-19
1083,59,Male,Uninsured,No,2022-11-29
1084,50,Female,Private,No,2022-10-03
1085,48,Female,Medicare,No,2024-07-16
1086,30,Female,Private,No,2022-01-26
1087,52,Male,Private,No,2023-06-30
1088,43,Male,Uninsured,No,2023-03-03
1089,75,Female,Private,No,2024-07-02
1090,65,Male,Medicaid,No,2021-11-20
1091,52,Male,Medicare,No,2024-09-25
1092,65,Female,Private,No,2024-06-07
1093,45,Female,Medicaid,No,2022-10-17
1094,73,Female,Private,No,2024-04-18
1095,52,Female,Medicaid,No,2023-08-04
1096,64,Female,,No,2022-04-15
1097,26,Female,Private,Yes,2024-05-30
1098,59,Male,Medicaid,No,2021-02-05
1099,18,Female,Private,No,2021-07-23
1100,11,Male,Private,Yes,2024-07-19
1101,46,Male,Medicare,No,2024-03-04
1102,34,Male,Private,No,2022-03-13
1103,55,Female,Medicare,Yes,2024-12-10
1104,97,Female,Medicare,No,2023-08-18
1105,35,Male,Medicaid,No,2021-12-21
1106,40,Female,Private,No,2024-06-06
1107,56,Female,Medicare,No,2024-12-18
1108,62,Male,Uninsured,No,2024-03-11
1109,48,Male,Medicare,Yes,2023-07-02
1110,48,Female,Medicaid,No,2024-06-13
1111,66,Female,Private,No,2024-03-22
1112,62,Male,Medicaid,No,2022-12-16
1113,31,Female,Medicare,No,2024-01-13
1114,50,Male,Medicaid,No,2024-05-14
1115,53,Female,Medicaid,No,2021-02-18
1116,31,Male,Medicaid,No,2022-11-05
1117,57,Female,Private,No,2024-09-28
1118,35,Female,Medicare,No,2022-01-21
1119,71,Female,Private,Yes,2023-06-17
1120,56,Male,Private,No,2022-12-04
1121,54,Male,Private,No,2023-05-07
1122,40,Female,Medicare,Yes,2022-05-05
1123,50,Female,Medicare,No,2023-07-20
1124,12,Male,Uninsured,No,2024-01-26
1125,29,Male,Private,No,2023-12-14
1126,59,Female,Private,No,2024-04-29
1127,9,Male,Private,No,2022-01-05
1128,69,Female,Medicaid,No,2021-07-26
1129,17,Male,Medicare,No,2023-03-03
1130,67,Female,Medicare,No,2021-08-29
1131,35,Male,Medicaid,No,2023-07-06
1132,68,Male,Medicare,No,2022-07-15
1133,55,Male,Private,No,2023-11-16
1134,21,Female,Private,No,2022-11-08
1135,77,Male,Medicare,No,2023-04-01
1136,81,Male,Medicaid,No,2024-10-28
1137,51,Female,Medicare,Yes,2023-07-07
1138,47,Female,Private,No,2024-10-06
1139,49,Male,Private,No,2021-12-21
1140,32,Male,Private,No,2024-11-12
1141,74,Female,Medicare,No,2021-11-10
1142,41,Male,Medicare,No,2023-12-02
1143,51,Female,Uninsured,No,2021-03-09
1144,36,Female,Private,No,2023-09-16
1145,39,Male,Private,Yes,2024-07-09
1146,26,Female,Medicare,No,2022-01-30
1147,77,Female,Medicaid,No,2021-08-18
1148,49,Female,Medicare,No,2022-06-29
1149,71,Female,Medicare,No,2021-04-08
1150,52,Female,Medicaid,No,2021-01-04
1151,38,Female,Medicare,No,2022-09-17
1152,45,Female,Uninsured,No,2024-05-01
1153,41,Female,Private,No,2022-08-12
1154,52,Female,Private,No,2022-02-08
1155,44,Female,Medicaid,No,2021-11-24
1156,46,Male,Private,No,2021-04-26
1157,24,Male,Medicaid,No,2022-07-30
1158,36,Female,Medicare,Yes,2022-04-06
1159,85,Male,Medicare,No,2022-10-18
1160,39,Female,Private,No,2022-04-17
1161,31,Female,Medicaid,No,2023-05-13
1162,59,Female,Private,No,2023-11-24
1163,80,Male,Uninsured,No,2021-01-18
1164,23,Female,Medicaid,No,2021-01-09
1165,48,Male,Private,Yes,2022-02-09
1166,39,female,Private,No,2021-12-02
1167,17,Male,Medicaid,No,2021-05-10
1168,67,Male,Medicare,No,2024-08-01
1169,52,Male,Private,No,2021-05-09
1170,53,Female,Medicare,No,2024-06-02
1171,37,Male,Private,No,2021-04-07
1172,61,Female,Private,No,2023-07-08
1173,41,Male,Medicare,No,2022-07-12
1174,49,Female,Medicaid,No,2023-03-28
1175,30,Female,Medicaid,No,2023-02-01
1176,28,Male,Private,No,2021-11-22
1177,79,Female,Medicare,No,2021-05-29
1178,42,Female,Medicare,No,2024-07-01
1179,58,Male,Uninsured,No,2023-12-01
1180,51,Female,Private,No,2024-01-16
1181,43,Female,Medicare,No,2023-06-22
1182,42,Female,Medicaid,No,2023-01-19
1183,65,Female,Private,No,2024-05-27
1184,46,Female,Private,No,2021-08-24
1185,49,Male,Medicare,Yes,2023-06-05
1186,52,Male,Private,Yes,2021-11-12
1187,76,Male,Medicaid,No,2023-08-09
1188,66,Male,Private,No,2022-07-08
1189,60,Female,Private,No,2022-09-16
1190,41,Male,Private,No,2022-04-29
1191,24,Male,,Yes,2023-05-21
1192,71,Male,Private,No,2021-03-31
1193,71,Male,Medicaid,No,2024-02-01
1194,49,Male,Medicaid,Yes,2022-08-17
1195,63,Female,Uninsured,No,2024-12-02
1196,68,Male,Private,No,2022-10-18
1197,69,Female,Private,No,2021-06-29
1198,70,Female,Private,No,2022-02-24
1199,43,Male,Uninsured,No,2022-11-03
1200,82,Male,Medicaid,No,2022-07-16
1201,27,Female,Private,No,2022-01-22
1202,69,Male,Medicare,Yes,2022-05-01
1203,62,Male,Medicaid,No,2023-12-06
1204,69,Female,Uninsured,No,2022-07-05
1205,90,Female,Medicare,Yes,2021-08-15
1206,82,Female,Medicaid,No,2023-06-23
1207,29,Male,Medicaid,Yes,2023-12-16
1208,18,Male,Private,No,2022-12-28
1209,68,Male,Private,No,2023-11-24
1210,32,Female,Medicare,No,2021-10-16
1211,52,Male,Private,No,2021-07-31
1212,69,Male,Private,No,2024-03-07
1213,19,Female,Uninsured,No,2024-02-27
1214,10,Female,Medicare,No,2023-01-20
1215,57,Female,Medicare,No,2022-12-10
1216,53,Male,Uninsured,No,2022-11-01
1217,47,Male,Private,No,2021-11-18
1218,53,Female,,No,2023-11-08
1219,35,Female,Medicaid,No,2022-07-12
1220,22,Female,Private,No,2024-01-04
1221,49,Female,Private,No,2022-10-08
1222,33,Male,Private,No,2024-05-24
1223,19,Female,Medicaid,No,2024-05-21
1224,62,Female,Private,No,2024-03-30
1225,51,Female,Private,Yes,2022-01-28
1226,60,Male,Medicaid,No,2023-09-04
1227,32,Male,Medicare,Yes,2024-01-06
1228,39,Female,Medicare,No,2023-11-19
1229,32,Female,Medicare,No,2024-07-07
1230,34,Female,Private,Yes,2021-08-18
1231,56,Male,Private,No,2023-08-17
1232,36,Male,Medicare,No,2023-10-18
1233,59,Female,Private,No,2022-06-06
1234,59,Male,Medicare,No,2022-01-07
1235,93,Female,Medicare,No,2023-04-06
1236,24,Male,Medicare,No,2022-01-12
1237,70,Female,Medicare,No,2023-05-09
1238,50,Male,Private,Yes,2021-06-25
1239,52,Female,Private,Yes,2022-08-01
1240,23,Female,Medicaid,No,2022-08-03
1241,43,Male,Private,No,2023-12-07
1242,67,Female,Medicare,No,2021-01-30
1243,50,Female,Private,No,2022-06-15
1244,54,Female,Uninsured,No,2023-08-18
1245,46,Female,Private,No,2022-12-27
1246,75,Female,Private,No,2023-12-29
1247,52,Female,Medicare,No,2024-06-22
1248,8,Female,Medicare,No,2024-02-07
1249,38,Female,Uninsured,Yes,2022-05-04
1250,13,Female,Medicare,Yes,2021-07-08
1251,1,Male,Private,No,2021-05-08
1252,41,Female,Private,No,2023-07-25
1253,79,Female,Medicare,No,2021-07-04
1254,53,Female,Uninsured,Yes,2024-05-08
1255,29,Male,Private,No,2023-04-26
1256,33,Female,Medicaid,No,2021-02-22
1257,75,Female,Private,No,2024-03-01
1258,55,Male,Medicare,No,2021-10-10
1259,53,Female,Medicare,No,2024-12-20
1260,51,Male,Medicare,No,2022-01-26
1261,53,Male,Uninsured,No,2023-03-15
1262,68,Female,Medicare,No,2022-11-06
1263,63,Male,Private,Yes,2022-05-29
1264,56,Female,Medicare,No,2021-09-09
1265,31,Female,Medicare,No,2021-03-31
1266,62,Female,Private,Yes,2023-02-26
1267,38,Male,Private,Yes,2024-12-06
1268,74,Male,Medicare,No,2022-05-18
1269,27,Female,Private,No,2022-03-15
1270,49,Male,Private,No,2023-08-15
1271,52,Female,Private,Yes,2024-12-29
1272,26,Female,Private,Yes,2023-02-15
1273,86,Male,Private,No,2024-11-14
1274,81,Male,Medicaid,No,2023-09-29
1275,43,Female,Medicaid,No,2024-03-10
1276,67,Male,Private,Yes,2021-12-26
1277,60,Female,Medicare,Yes,2023-03-17
1278,1,Female,Medicaid,No,2023-10-30
1279,57,Female,Private,No,2022-06-13
1280,51,Male,Medicare,Yes,2023-12-09
1281,54,Female,Private,No,2022-07-19
1282,30,Male,Medicare,No,2023-11-21
1283,47,Male,Uninsured,No,2022-10-26
1284,48,Female,Private,No,2021-04-10
1285,76,Male,Uninsured,No,2021-05-22
1286,59,Female,Medicare,Yes,2024-10-13
1287,52,Male,Medicaid,No,2023-07-19
1288,83,Male,Medicare,No,2023-04-23
1289,41,Male,Medicaid,Yes,2024-01-31
1290,44,Male,Private,No,2022-02-02
1291,16,Female,Medicare,No,2022-06-18
1292,83,Male,Private,Yes,2022-09-26
1293,71,Female,Medicare,Yes,2023-08-19
1294,70,Male,Medicare,No,2023-01-26
1295,65,Male,Private,No,2022-02-02
1296,54,Male,Private,No,2023-01-26
1297,56,Female,Medicaid,No,2022-07-01
1298,47,Female,Medicaid,Yes,2021-12-29
1299,48,Male,Medicare,No,2021-10-08
1300,53,Male,Private,Yes,2022-01-22
1301,82,Female,Medicare,No,2023-02-26
1302,63,Male,Private,Yes,2022-06-15
1303,51,Female,Medicare,Yes,2022-09-10
1304,40,Female,Medicare,No,2024-02-15
1305,39,Male,Medicare,No,2023-10-12
1306,84,Female,Private,No,2022-10-01
1307,62,female,Private,No,2023-04-20
1308,53,Female,Medicare,No,2021-02-26
1309,45,Female,Medicare,Yes,2022-08-21
1310,30,Female,Medicare,No,2022-10-23
1311,51,Female,Private,Yes,2022-03-10
1312,69,Male,Private,No,2021-10-21
1313,44,Male,Medicare,No,2023-12-18
1314,47,Male,Medicare,Yes,2021-01-19
1315,48,Male,Medicaid,Yes,2024-11-27
1316,54,Female,Medicaid,No,2024-11-27
1317,20,Female,Private,No,2023-07-02
1318,47,Female,Medicaid,No,2022-03-05
1319,35,Female,Private,No,2022-03-06
1320,70,Male,Medicare,Yes,2023-02-24
1321,37,Female,Private,No,2023-09-04
1322,64,Female,Private,No,2022-06-07
1323,82,Male,Medicare,No,2022-10-05
1324,46,Female,Medicare,Yes,2021-03-19
1325,40,Female,Medicare,No,2024-07-17
1326,56,Male,Medicare,No,2024-08-08
1327,52,Male,Medicare,No,2022-01-18
1328,32,Female,Private,No,2024-09-28
1329,61,Male,Medicare,No,2024-05-23
1330,92,Female,Private,No,2021-09-30
1331,47,Female,Medicare,No,2021-08-12
1332,48,Male,Medicare,No,2022-09-03
1333,31,Female,,No,2023-10-08
1334,58,Female,Private,Yes,2022-06-30
1335,27,Male,Medicare,No,2023-12-06
1336,30,Male,Private,Yes,2021-09-02
1337,78,Female,Private,No,2024-09-14
1338,34,Male,Private,No,2023-08-25
1339,74,Female,Medicare,Yes,2022-01-01
1340,82,Male,Medicaid,No,2024-02-16
1341,57,Female,Private,No,2022-08-22
1342,63,female,Private,Yes,2024-01-15
1343,91,Female,Medicare,No,2023-10-24
1344,48,Male,Private,No,2023-09-13
1345,40,Female,Medicaid,No,2021-06-26
1346,25,Male,Private,No,2021-01-26
1347,53,Male,Private,No,2023-10-19
1348,82,Male,Medicare,No,2021-12-02
1349,71,Female,Private,No,2021-04-08
1350,33,Male,Private,Yes,2023-01-22
1351,35,male,Private,Yes,2024-09-26
1352,42,Male,Medicare,No,2023-10-24
1353,58,Female,Uninsured,No,2022-03-15
1354,48,Female,Private,No,2022-07-19
1355,56,Female,Medicaid,No,2023-10-17
1356,58,Female,Private,No,2022-10-18
1357,46,Male,Medicare,No,2023-03-27
1358,51,Female,Private,No,2024-05-12
1359,56,Female,Private,No,2021-03-24
1360,50,Female,Medicaid,No,2021-02-04
1361,62,Female,Medicare,No,2024-07-23
1362,89,Female,Private,No,2022-01-28
1363,64,Male,Private,Yes,2024-04-15
1364,53,Female,Medicaid,Yes,2022-02-28
1365,18,Female,Uninsured,Yes,2024-05-21
1366,60,Male,Medicare,Yes,2024-12-20
1367,13,Female,,No,2024-09-06
1368,24,Female,Uninsured,No,2021-11-29
1369,69,Male,Medicare,No,2023-01-26
1370,66,Male,Medicare,No,2021-03-10
1371,49,Male,Private,Yes,2022-01-25
1372,18,Female,Private,No,2022-09-01
1373,45,Female,Medicare,No,2021-02-22
1374,38,Female,Medicaid,No,2023-08-07
1375,65,Female,Private,No,2021-10-09
1376,97,Female,Private,No,2021-08-12
1377,56,Female,Private,Yes,2023-08-09
1378,36,Male,Medicare,No,2024-05-10
1379,29,Female,Private,No,2024-12-26
1380,51,Female,Medicaid,No,2021-10-14
1381,48,Male,Private,No,2024-02-08
1382,29,Female,Medicare,No,2023-10-26
1383,54,Female,Medicare,No,2024-04-02
1384,29,Female,Medicare,No,2021-08-25
1385,74,Male,Private,No,2022-12-01
1386,73,Male,Private,No,2024-07-11
1387,74,Male,Medicare,No,2023-04-19
1388,43,Male,Private,No,2021-10-21
1389,62,Female,Private,No,2021-01-01
1390,49,Female,Medicare,No,2023-12-04
1391,44,Male,Private,No,2021-04-10
1392,45,Male,Medicaid,No,2024-05-09
1393,26,Male,Medicaid,No,2023-08-19
1394,23,Male,Uninsured,No,2022-01-08
1395,68,Female,Medicaid,No,2021-11-06
1396,48,Female,Medicare,No,2021-05-16
1397,56,Male,Private,No,2022-05-10
1398,72,Female,Medicaid,No,2023-05-06
1399,17,Female,Medicare,No,2022-03-24
1400,36,Male,Medicare,No,2022-12-30
1401,56,Male,Medicare,Yes,2023-07-07
1402,60,Male,Medicaid,No,2022-12-01
1403,44,Female,Private,No,2021-12-31
1404,73,Female,Medicare,Yes,2024-02-15
1405,56,Female,Medicare,No,2023-11-15
1406,28,Male,Private,No,2022-11-08
1407,33,Male,Private,No,2021-09-21
1408,68,Female,Private,Yes,2022-12-27
1409,61,Male,Medicare,No,2022-06-11
1410,14,Female,Private,No,2022-12-13
1411,79,Female,Private,No,2021-07-02
1412,64,Female,Medicaid,No,2022-10-26
1413,79,Female,Medicare,No,2021-03-16
1414,44,Female,Medicare,No,2022-08-16
1415,46,Female,Uninsured,Yes,2023-10-18
1416,29,Male,Private,Yes,2021-08-23
1417,98,Female,Medicare,No,2021-07-06
1418,48,Male,Private,No,2022-03-08
1419,84,Male,Private,No,2024-08-15
1420,39,Female,Uninsured,No,2022-01-22
1421,55,Female,Private,No,2024-10-06
1422,19,Male,Medicaid,No,2021-12-29
1423,44,Female,Medicaid,No,2021-03-25
1424,72,female,Medicare,No,2024-02-17
1425,27,Female,Medicaid,Yes,2021-06-23
1426,73,Male,Private,No,2021-06-16
1427,59,Male,Private,No,2023-02-19
1428,31,Female,Medicare,No,2021-10-27
1429,42,Female,Private,No,2023-06-02
1430,43,Female,Private,No,2023-02-08
1431,51,Female,Private,No,2023-11-09
1432,41,Male,Uninsured,No,2022-04-02
1433,35,Male,Private,No,2022-02-13
1434,46,Female,Private,No,2021-12-17
1435,31,Female,Uninsured,Yes,2023-12-30
1436,26,Female,Private,No,2022-06-30
1437,51,Male,Uninsured,No,2024-05-29
1438,70,Male,Medicaid,Yes,2023-01-03
1439,21,Male,Medicare,Yes,2024-03-05
1440,52,Male,Private,No,2023-09-12
1441,39,Female,Private,No,2023-10-09
1442,32,Male,Private,No,2024-11-20
1443,69,Female,Private,Yes,2022-10-24
1444,42,Male,Private,No,2024-05-29
1445,82,Female,Private,No,2024-04-18
1446,36,Female,Medicaid,Yes,2022-09-20
1447,60,Male,Medicare,No,2023-10-14
1448,47,Male,Uninsured,No,2022-10-22
1449,37,Female,Medicare,Yes,2023-09-01
1450,64,Female,Private,No,2022-08-30
1451,49,Male,Medicare,No,2022-12-21
1452,64,Female,Private,No,2021-12-15
1453,51,Female,Private,No,2023-07-18
1454,30,Female,Uninsured,Yes,2024-10-21
1455,50,Male,Private,No,2022-06-01
1456,53,Female,Private,No,2021-04-11
1457,71,Female,Private,Yes,2023-10-31
1458,34,Female,Medicare,No,2021-10-27
1459,51,Male,Medicare,No,2023-10-14
1460,18,female,Private,No,2023-08-25
1461,65,Male,Medicare,No,2024-10-17
1462,30,Male,Private,Yes,2023-05-11
1463,16,Female,Medicaid,No,2021-06-25
1464,51,Female,Medicare,No,2022-02-11
1465,74,male,Medicare,No,2022-02-01
1466,22,Female,Medicare,No,2024-09-29
1467,30,Male,Medicare,No,2024-06-09
1468,37,Female,Uninsured,No,2022-08-21
1469,29,male,Medicaid,No,2024-07-04
1470,60,Female,Private,No,2023-05-21
1471,36,Male,Medicare,No,2022-04-05
1472,38,Male,Private,No,2021-05-13
1473,64,Female,Private,Yes,2024-08-26
1474,37,Male,Private,No,2024-07-24
1475,61,Male,Private,No,2023-12-27
1476,33,Female,Uninsured,Yes,2021-05-31
1477,28,Female,Medicare,No,2023-03-26
1478,15,Female,Medicaid,No,2022-07-30
1479,89,Female,Medicare,No,2023-09-24
1480,46,Male,Private,No,2024-07-16
1481,57,Female,Private,No,2023-02-21
1482,51,Male,Private,No,2024-10-11
1483,55,Male,Private,No,2021-10-10
1484,53,Male,Private,No,2024-08-12
1485,90,Male,Medicaid,No,2024-06-28
1486,31,Male,Private,No,2024-04-23
1487,21,Female,Private,No,2024-10-22
1488,32,Male,Medicare,No,2021-12-07
1489,25,Female,Medicare,No,2021-10-09
1490,67,Male,Medicare,No,2021-02-16
1491,68,Male,Medicare,No,2024-01-11
1492,33,Male,Private,No,2022-10-22
1493,24,Male,Private,No,2022-03-03
1494,45,Female,Private,No,2021-04-03
1495,80,Female,Private,No,2022-01-21
1496,1,Female,Medicaid,Yes,2024-11-03
1497,63,Female,Uninsured,No,2021-04-14
1498,30,Female,Medicare,Yes,2021-01-12
1499,73,Male,Private,Yes,2022-01-02
1500,30,Male,Private,No,2022-04-21
