visit_id,patient_id,department_id,admission_date,discharge_date,length_of_stay_days,total_charges,readmitted_30d
5001,1001,5,2023-03-19,2023-03-22,3,4000.28,No
5002,1001,5,2024-11-06,2024-11-08,2,2972.6,No
5003,1001,2,2022-05-19,2022-05-21,2,4316.94,No
5004,1001,3,2023-05-10,2023-05-12,2,3991.12,No
5005,1001,5,2023-03-31,2023-04-04,4,5608.74,No
5006,1001,3,2022-11-19,2022-11-20,1,3198.08,No
5007,1002,4,2023-11-28,2023-11-30,2,2624.55,No
5008,1002,3,2022-08-31,2022-09-06,6,8662.37,No
5009,1002,4,2023-07-10,2023-07-12,2,2778.63,No
5010,1002,2,2022-03-28,2022-03-30,2,4236.98,No
5011,1002,6,2023-11-18,2023-11-24,6,8883.52,No
5012,1002,4,2022-07-10,2022-07-13,3,5072.76,No
5013,1003,4,2023-05-22,2023-05-24,2,3110.4,Yes
5014,1003,2,2024-03-16,2024-03-18,2,4899.38,No
5015,1003,1,2022-11-21,2022-11-25,4,6607.01,No
5016,1004,3,2024-09-09,2024-09-10,1,2983.91,No
5017,1004,6,2022-07-13,2022-07-14,1,4243.42,No
5018,1004,4,2024-11-25,2024-11-27,2,3229.21,No
5019,1004,6,2024-12-10,2024-12-15,5,8713.95,No
5020,1004,6,2024-02-28,2024-03-05,6,8868.31,No
5021,1004,3,2024-07-31,2024-08-03,3,4146.88,No
5022,1005,3,2024-11-28,2024-12-03,5,7226.74,No
5023,1005,6,2022-06-21,2022-06-28,7,9884.43,No
5024,1005,6,2022-08-26,2022-09-02,7,9765.55,No
5025,1005,3,2024-12-30,2025-01-01,2,3632.84,No
5026,1005,6,2024-06-29,2024-07-07,8,9576.15,No
5027,1005,3,2024-03-23,2024-03-25,2,4037.25,No
5028,1006,2,2024-07-21,2024-07-25,4,7066.83,No
5029,1006,2,2024-10-03,2024-10-04,1,3980.13,No
5030,1006,4,2022-08-31,2022-09-02,2,3353.86,No
5031,1006,1,2022-04-21,2022-04-25,4,6801.21,No
5032,1006,5,2022-06-01,2022-06-02,1,2703.45,No
5033,1006,6,2024-05-09,2024-05-13,4,6836.96,No
5034,1007,1,2022-11-02,2022-11-05,3,4976.45,No
5035,1008,6,2024-06-30,2024-07-07,7,9563.67,No
5036,1008,6,2024-10-04,2024-10-11,7,10121.88,No
5037,1008,6,2022-07-09,2022-07-17,8,10593.45,No
5038,1009,5,2024-04-13,2024-04-15,2,4053.78,Yes
5039,1009,1,2022-07-30,2022-07-31,1,3631.18,No
5040,1009,5,2023-11-04,2023-11-04,0,1534.45,Yes
5041,1010,2,2024-08-21,2024-08-22,1,3348.77,No
5042,1010,2,2023-10-26,2023-10-30,4,6966.59,No
5043,1010,4,2023-04-14,2023-04-15,1,2604.41,No
5044,1011,4,2022-08-16,2022-08-16,0,1398.5,No
5045,1011,5,2024-05-16,2024-05-16,0,1806.45,Yes
5046,1011,3,2022-07-07,2022-07-13,6,7971.24,No
5047,1012,6,2024-09-17,2024-09-25,8,9873.4,No
5048,1012,3,2024-02-22,2024-02-25,3,3793.88,No
5049,1012,2,2024-12-20,2024-12-24,4,6208.48,No
5050,1012,6,2024-02-19,2024-02-25,6,8482.1,Yes
5051,1012,3,2024-09-03,2024-09-06,3,5022.65,No
5052,1012,5,2022-09-25,2022-09-28,3,4843.74,No
5053,1013,1,2022-07-04,2022-07-10,6,8821.93,No
5054,1013,2,2024-05-20,2024-05-26,6,5924.39,No
5055,1013,4,2023-10-28,2023-10-28,0,1540.53,No
5056,1013,6,2023-01-04,2023-01-11,7,10002.86,No
5057,1013,4,2024-01-26,2024-01-26,0,925.89,No
5058,1014,4,2022-07-13,2022-07-13,0,1728.04,No
5059,1014,2,2023-09-05,2023-09-07,2,5035.5,No
5060,1015,3,2024-06-11,2024-06-13,2,3859.86,No
5061,1015,4,2022-04-06,2022-04-07,1,2368.1,No
5062,1015,6,2024-09-27,2024-10-03,6,8908.78,No
5063,1015,1,2023-10-21,2023-10-27,6,7404.8,No
5064,1016,5,2022-12-21,2022-12-25,4,5346.43,No
5065,1016,6,2024-04-14,2024-04-20,6,9104.39,No
5066,1016,6,2023-05-24,2023-06-01,8,12016.44,No
5067,1017,3,2024-11-18,2024-11-19,1,2743.44,No
5068,1017,4,2024-10-24,2024-10-25,1,2976.64,Yes
5069,1017,2,2024-03-14,2024-03-18,4,6870.56,No
5070,1017,1,2022-08-05,2022-08-09,4,4513.71,No
5071,1017,4,2023-06-01,2023-06-03,2,4200.82,Yes
5072,1018,5,2022-08-27,2022-08-27,0,1493.86,No
5073,1018,5,2023-06-04,2023-06-06,2,3099.53,Yes
5074,1019,5,2024-08-23,2024-08-23,0,2130.75,No
5075,1019,3,2023-12-13,2023-12-16,3,4187.67,No
5076,1019,6,2024-10-13,2024-10-18,5,8502.89,No
5077,1019,2,2024-03-20,2024-03-22,2,4354.82,No
5078,1020,3,2023-05-18,2023-05-20,2,3419.38,No
5079,1021,2,2024-04-13,2024-04-16,3,4650.22,No
5080,1021,2,2024-11-16,2024-11-20,4,4734.94,No
5081,1021,6,2024-10-18,2024-10-27,9,10705.15,No
5082,1021,1,2023-01-05,2023-01-07,2,5480.48,No
5083,1022,5,2024-02-17,2024-02-21,4,6015.85,No
5084,1022,1,2022-03-31,2022-04-07,7,10078.72,No
5085,1022,5,2022-10-13,2022-10-14,1,3060.42,No
5086,1022,4,2022-10-27,2022-10-30,3,4786.91,No
5087,1022,3,2024-01-29,2024-02-04,6,7128.5,No
5088,1023,5,2022-05-18,2022-05-18,0,1750.52,Yes
5089,1023,6,2023-10-25,2023-10-31,6,12076.21,No
5090,1024,5,2023-03-27,2023-03-28,1,2147.56,No
5091,1024,1,2022-08-22,2022-08-26,4,5737.04,No
5092,1024,5,2022-04-17,2022-04-20,3,4779.6,Yes
5093,1024,2,2024-01-15,2024-01-20,5,8180.11,No
5094,1024,1,2022-01-20,2022-01-23,3,4772.48,No
5095,1025,4,2022-12-18,2022-12-19,1,2629.43,No
5096,1025,4,2022-09-18,2022-09-19,1,2490.09,No
5097,1025,4,2024-11-01,2024-11-06,5,6226.27,No
5098,1025,5,2022-04-11,2022-04-13,2,3220.99,No
5099,1026,5,2022-04-22,2022-04-24,2,3692.34,No
5100,1026,1,2023-06-13,2023-06-19,6,7150.58,No
5101,1026,3,2024-06-11,2024-06-15,4,4818.77,No
5102,1026,2,2023-04-29,2023-05-02,3,5532.44,No
5103,1026,3,2022-01-04,2022-01-06,2,2983.11,No
5104,1026,4,2023-07-18,2023-07-20,2,3632.41,No
5105,1027,2,2022-05-11,2022-05-13,2,3717.97,No
5106,1027,1,2023-09-05,2023-09-07,2,4604.64,No
5107,1028,1,2024-05-31,2024-06-04,4,6118.46,No
5108,1028,2,2023-08-06,2023-08-11,5,8436.95,No
5109,1028,1,2024-12-30,2025-01-04,5,7051.1,No
5110,1028,2,2023-02-20,2023-02-23,3,5159.83,No
5111,1028,5,2023-09-30,2023-10-03,3,4145.7,No
5112,1028,4,2024-07-30,2024-08-03,4,4956.46,No
5113,1029,4,2024-08-08,2024-08-11,3,3834.14,No
5114,1029,1,2024-09-15,2024-09-21,6,7910.88,No
5115,1030,3,2023-09-05,2023-09-07,2,4517.17,No
5116,1030,5,2022-09-29,2022-09-29,0,1296.26,No
5117,1031,4,2024-05-15,2024-05-16,1,2204.4,Yes
5118,1031,1,2022-04-23,2022-04-28,5,6301.8,Yes
5119,1031,3,2024-03-02,2024-03-03,1,2811.12,No
5120,1032,1,2024-05-13,2024-05-16,3,5117.15,No
5121,1032,3,2024-07-04,2024-07-06,2,4194.89,No
5122,1032,6,2024-12-26,2024-12-31,5,9370.79,No
5123,1032,6,2022-04-15,2022-04-21,6,8291.93,No
5124,1032,4,2023-03-12,2023-03-13,1,2484.96,No
5125,1032,2,2023-04-26,2023-05-02,6,7886.54,No
5126,1033,5,2024-04-25,2024-04-27,2,2886.75,No
5127,1033,6,2024-03-20,2024-03-23,3,6130.58,No
5128,1034,5,2024-04-23,2024-04-25,2,4115.12,Yes
5129,1034,4,2024-10-16,2024-10-17,1,2737.11,No
5130,1034,2,2022-01-08,2022-01-11,3,5337.96,No
5131,1035,4,2023-05-08,2023-05-08,0,1414.54,No
5132,1035,1,2024-08-07,2024-08-13,6,10043.23,Yes
5133,1035,4,2022-05-08,2022-05-13,5,6208.72,No
5134,1035,6,2024-12-30,2025-01-08,9,10994.31,Yes
5135,1035,1,2022-07-08,2022-07-13,5,6342.94,Yes
5136,1035,6,2022-03-24,2022-03-29,5,7504.41,No
5137,1036,5,2023-12-17,2023-12-17,0,1889.35,Yes
5138,1036,2,2022-10-06,2022-10-11,5,6358.64,No
5139,1036,2,2023-09-17,2023-09-22,5,8503.65,No
5140,1036,2,2022-01-12,2022-01-16,4,6869.76,No
5141,1037,2,2022-12-08,2022-12-14,6,,No
5142,1037,5,2023-04-26,2023-04-27,1,2067.4,No
5143,1037,6,2023-02-14,2023-02-20,6,9431.13,No
5144,1037,4,2024-04-09,2024-04-09,0,1573.77,No
5145,1038,1,2022-11-30,2022-12-05,5,8308.74,No
5146,1038,1,2023-03-03,2023-03-08,5,8415.86,No
5147,1038,6,2024-02-08,2024-02-16,8,11647.62,Yes
5148,1039,3,2024-08-30,2024-09-02,3,4431.48,No
5149,1039,3,2022-02-03,2022-02-03,0,1519.2,No
5150,1039,3,2024-05-05,2024-05-08,3,3934.21,No
5151,1039,5,2023-07-19,2023-07-19,0,1435.84,No
5152,1039,4,2023-08-05,2023-08-06,1,2946.57,No
5153,1040,5,2023-03-15,2023-03-18,3,3935.34,Yes
5154,1040,4,2024-02-20,2024-02-20,0,1417.46,No
5155,1040,1,2024-05-22,2024-05-27,5,7640.99,No
5156,1040,5,2022-04-28,2022-04-28,0,1832.72,No
5157,1041,6,2023-02-06,2023-02-12,6,7141.15,No
5158,1041,4,2022-03-25,2022-03-27,2,3612.22,No
5159,1042,5,2022-09-01,2022-09-03,2,3511.95,Yes
5160,1042,3,2022-07-22,2022-07-24,2,,No
5161,1043,6,2024-03-21,2024-03-25,4,7589.97,No
5162,1043,3,2024-08-01,2024-08-02,1,3049.93,No
5163,1044,6,2022-10-18,2022-10-24,6,10842.07,Yes
5164,1044,2,2023-11-22,2023-11-27,5,5556.56,No
5165,1044,6,2022-11-03,2022-11-13,10,12874.94,No
5166,1045,1,2022-02-18,2022-02-24,6,8402.04,No
5167,1046,3,2024-03-10,2024-03-11,1,2758.92,No
5168,1046,3,2022-01-18,2022-01-19,1,2885.05,No
5169,1047,6,2022-07-17,2022-07-24,7,11909.76,No
5170,1047,3,2023-01-25,2023-01-25,0,1953.46,No
5171,1048,6,2022-12-28,2023-01-07,10,13610.71,No
5172,1048,1,2024-08-28,2024-09-01,4,6659.46,No
5173,1048,1,2024-12-27,2025-01-02,6,9287.05,No
5174,1048,6,2024-04-04,2024-04-09,5,8696.82,No
5175,1048,5,2022-05-31,2022-06-01,1,2513.19,Yes
5176,1049,2,2022-09-09,2022-09-13,4,5037.02,No
5177,1049,1,2022-08-04,2022-08-07,3,6057.19,No
5178,1049,1,2023-11-21,2023-11-25,4,6848.66,No
5179,1050,4,2023-06-20,2023-06-22,2,3623.63,No
5180,1050,3,2022-09-22,2022-09-24,2,3933.24,No
5181,1050,4,2024-06-19,2024-06-23,4,5312.97,No
5182,1051,1,2023-03-18,2023-03-23,5,7191.76,No
5183,1051,6,2024-01-02,2024-01-10,8,12842.36,No
5184,1051,1,2022-03-05,2022-03-12,7,8759.36,Yes
5185,1052,6,2022-05-25,2022-05-30,5,9010.28,No
5186,1052,5,2024-11-18,2024-11-19,1,2403.37,No
5187,1052,6,2023-12-21,2023-12-27,6,10044.99,No
5188,1052,2,2023-07-13,2023-07-14,1,3145.61,No
5189,1052,1,2023-11-19,2023-11-26,7,10197.91,Yes
5190,1053,4,2023-08-17,2023-08-20,3,4308.36,No
5191,1053,3,2022-11-03,2022-11-05,2,3157.69,No
5192,1053,2,2024-04-18,2024-04-22,4,8058.96,No
5193,1053,3,2023-08-15,2023-08-19,4,6007.86,Yes
5194,1053,5,2022-04-06,2022-04-09,3,4966.35,No
5195,1053,3,2024-07-03,2024-07-06,3,5458.07,No
5196,1054,2,2022-08-06,2022-08-10,4,5752.2,No
5197,1054,6,2024-03-14,2024-03-21,7,10273.33,No
5198,1054,5,2023-10-09,2023-10-10,1,1970.55,Yes
5199,1054,2,2023-03-30,2023-04-05,6,8341.25,No
5200,1054,5,2024-12-05,2024-12-06,1,2181.18,No
5201,1054,1,2022-07-21,2022-07-26,5,6735.33,No
5202,1055,3,2023-09-14,2023-09-18,4,6185.99,No
5203,1056,4,2023-01-31,2023-02-03,3,4522.8,No
5204,1057,3,2024-11-20,2024-11-23,3,4649.35,No
5205,1057,5,2022-11-30,2022-12-01,1,2469.89,No
5206,1058,5,2024-06-17,2024-06-17,0,1420.09,No
5207,1058,4,2023-02-04,2023-02-04,0,1803.51,No
5208,1058,5,2024-04-07,2024-04-11,4,4160.04,No
5209,1058,1,2024-05-20,2024-05-24,4,7563.48,No
5210,1059,5,2023-11-15,2023-11-16,1,2983.61,Yes
5211,1060,1,2022-04-18,2022-04-19,1,3301.16,No
5212,1060,2,2023-11-21,2023-11-23,2,4553.36,No
5213,1060,1,2023-02-09,2023-02-13,4,5933.01,No
5214,1060,5,2024-12-16,2024-12-16,0,1594.53,No
5215,1060,3,2024-11-25,2024-11-27,2,3641.76,No
5216,1060,5,2024-05-12,2024-05-13,1,2516.09,No
5217,1061,1,2023-06-03,2023-06-08,5,6532.3,No
5218,1061,1,2022-02-24,2022-03-01,5,6289.91,No
5219,1061,6,2024-07-28,2024-08-01,4,7726.27,No
5220,1061,6,2024-10-27,2024-11-03,7,12023.15,No
5221,1061,5,2022-10-04,2022-10-07,3,3933.19,No
5222,1061,2,2022-10-11,2022-10-14,3,5382.12,No
5223,1062,1,2024-10-18,2024-10-23,5,7666.49,No
5224,1062,6,2024-02-04,2024-02-11,7,8839.78,No
5225,1062,4,2024-04-19,2024-04-20,1,2405.48,No
5226,1062,1,2024-02-26,2024-03-01,4,6379.61,No
5227,1062,5,2022-10-26,2022-10-28,2,3370.74,No
5228,1063,3,2022-10-28,2022-11-01,4,6295.86,No
5229,1063,5,2022-05-29,2022-05-29,0,1782.83,No
5230,1063,2,2022-05-25,2022-05-30,5,6536.43,No
5231,1063,1,2022-10-12,2022-10-14,2,3796.7,No
5232,1063,3,2024-04-22,2024-04-23,1,2853.81,No
5233,1063,5,2024-02-24,2024-02-27,3,4668.21,No
5234,1064,4,2022-05-18,2022-05-19,1,2887.91,No
5235,1064,6,2022-10-25,2022-10-30,5,8971.41,No
5236,1065,4,2023-10-14,2023-10-15,1,2731.92,No
5237,1065,3,2022-12-14,2022-12-15,1,2771.52,No
5238,1065,6,2022-04-01,2022-04-05,4,8405.99,No
5239,1065,6,2022-07-23,2022-08-01,9,13157.7,Yes
5240,1066,2,2024-09-26,2024-09-29,3,6187.54,No
5241,1066,6,2022-04-12,2022-04-21,9,9753.17,No
5242,1067,2,2024-09-03,2024-09-07,4,5633.43,No
5243,1067,4,2023-09-24,2023-09-26,2,3748.5,Yes
5244,1067,4,2022-03-17,2022-03-20,3,4508.37,No
5245,1068,6,2022-12-21,2022-12-29,8,12951.71,No
5246,1068,4,2024-03-06,2024-03-08,2,3819.76,No
5247,1069,6,2022-09-14,2022-09-21,7,10974.86,No
5248,1069,3,2023-04-01,2023-04-02,1,3079.03,No
5249,1069,5,2024-01-06,2024-01-06,0,1324.98,No
5250,1069,2,2022-05-26,2022-05-31,5,6530.89,No
5251,1070,6,2024-11-13,2024-11-20,7,8956.61,Yes
5252,1070,6,2022-10-04,2022-10-10,6,10810.22,No
5253,1070,4,2022-06-20,2022-06-20,0,1561.32,No
5254,1070,4,2023-12-10,2023-12-12,2,3067.98,No
5255,1070,5,2023-08-17,2023-08-17,0,1506.02,No
5256,1070,2,2022-11-29,2022-12-02,3,4732.97,No
5257,1071,2,2024-02-29,2024-03-06,6,6696.44,No
5258,1071,3,2023-05-03,2023-05-08,5,7210.45,No
5259,1072,1,2024-06-09,2024-06-13,4,5917.74,No
5260,1072,4,2022-11-05,2022-11-06,1,1871.29,No
5261,1072,6,2023-02-25,2023-03-02,5,7452.91,No
5262,1072,5,2024-08-23,2024-08-24,1,2115.48,No
5263,1072,3,2024-06-29,2024-06-29,0,1901.25,No
5264,1072,3,2024-06-24,2024-06-26,2,3289.31,No
5265,1073,1,2024-07-21,2024-07-27,6,8402.94,No
5266,1073,5,2024-05-12,2024-05-15,3,4658.75,No
5267,1073,2,2022-08-10,2022-08-13,3,5269.66,No
5268,1073,4,2023-02-10,2023-02-15,5,5146.45,No
5269,1073,4,2023-03-10,2023-03-11,1,2699.0,No
5270,1073,3,2023-07-09,2023-07-12,3,4318.36,No
5271,1074,5,2023-12-12,2023-12-15,3,3698.12,No
5272,1074,5,2023-04-07,2023-04-08,1,1969.1,No
5273,1074,3,2024-08-19,2024-08-20,1,2933.85,No
5274,1074,3,2023-08-18,2023-08-19,1,2793.04,No
5275,1075,3,2024-04-03,2024-04-08,5,6414.61,No
5276,1075,2,2024-02-23,2024-02-29,6,6942.79,No
5277,1076,4,2023-01-03,2023-01-05,2,3422.76,Yes
5278,1077,3,2023-11-28,2023-12-01,3,4729.77,No
5279,1077,1,2022-12-17,2022-12-23,6,8938.38,Yes
5280,1077,2,2023-08-11,2023-08-16,5,6889.0,Yes
5281,1077,6,2024-04-11,2024-04-17,6,10473.19,No
5282,1077,1,2022-02-21,2022-02-28,7,11012.55,No
5283,1077,1,2023-11-13,2023-11-19,6,7416.73,No
5284,1078,6,2022-10-30,2022-11-08,9,9456.65,No
5285,1079,2,2022-11-14,2022-11-20,6,7794.64,No
5286,1079,6,2022-02-10,2022-02-15,5,6109.24,No
5287,1079,1,2022-08-09,2022-08-18,9,10479.32,No
5288,1080,5,2024-11-06,2024-11-08,2,3270.6,No
5289,1080,1,2022-12-12,2022-12-17,5,7956.26,No
5290,1081,5,2022-04-16,2022-04-18,2,3427.42,No
5291,1081,3,2024-07-14,2024-07-15,1,3259.61,No
5292,1082,1,2024-12-12,2024-12-18,6,7606.76,No
5293,1082,4,2023-04-10,2023-04-14,4,7007.63,No
5294,1083,5,2024-05-10,2024-05-12,2,3067.05,No
5295,1083,3,2024-08-03,2024-08-07,4,5832.05,No
5296,1083,2,2023-05-13,2023-05-15,2,4421.56,No
5297,1083,3,2023-04-16,2023-04-18,2,3199.59,No
5298,1084,6,2024-02-09,2024-02-17,8,9357.22,No
5299,1084,1,2022-12-07,2022-12-11,4,6154.78,No
5300,1085,2,2024-04-02,2024-04-03,1,3396.49,No
5301,1085,2,2024-08-16,2024-08-19,3,3552.56,No
5302,1085,3,2024-10-19,2024-10-22,3,4146.48,No
5303,1085,5,2022-04-28,2022-05-01,3,3761.31,Yes
5304,1086,4,2023-08-14,2023-08-14,0,1730.39,Yes
5305,1086,5,2023-08-27,2023-08-30,3,3124.3,No
5306,1086,5,2022-10-10,2022-10-13,3,4097.25,Yes
5307,1087,2,2024-08-08,2024-08-11,3,5127.81,No
5308,1087,4,2022-08-28,2022-08-31,3,4250.25,Yes
5309,1088,6,2023-10-25,2023-11-02,8,10427.83,No
5310,1088,2,2022-04-14,2022-04-18,4,6226.93,No
5311,1088,6,2022-12-28,2023-01-04,7,9998.19,No
5312,1088,2,2022-03-20,2022-03-21,1,3546.72,No
5313,1088,4,2023-05-27,2023-05-30,3,3363.17,No
5314,1088,6,2022-12-09,2022-12-15,6,7914.57,No
5315,1089,6,2024-06-18,2024-06-27,9,11797.62,Yes
5316,1089,1,2023-08-11,2023-08-16,5,8091.0,No
5317,1089,1,2024-03-30,2024-04-04,5,6766.9,No
5318,1089,4,2023-11-05,2023-11-09,4,5437.84,No
5319,1089,3,2024-04-04,2024-04-08,4,5924.33,No
5320,1089,2,2024-01-30,2024-02-02,3,,Yes
5321,1090,4,2022-01-17,2022-01-19,2,4125.16,No
5322,1090,4,2024-02-13,2024-02-16,3,4499.94,No
5323,1090,4,2022-08-13,2022-08-15,2,3471.3,No
5324,1090,1,2023-01-21,2023-01-28,7,10661.98,No
5325,1090,5,2024-03-07,2024-03-10,3,3981.47,No
5326,1090,5,2023-12-08,2023-12-09,1,2921.59,No
5327,1091,5,2022-06-04,2022-06-05,1,2271.54,No
5328,1091,1,2024-10-29,2024-11-06,8,11618.04,No
5329,1091,6,2022-09-15,2022-09-23,8,11327.52,No
5330,1091,6,2022-12-12,2022-12-17,5,8710.6,No
5331,1092,5,2024-11-10,2024-11-11,1,2259.92,Yes
5332,1093,4,2023-08-11,2023-08-12,1,2740.7,No
5333,1094,5,2023-08-15,2023-08-16,1,2504.9,No
5334,1094,4,2022-12-24,2022-12-25,1,3145.97,No
5335,1095,1,2024-10-27,2024-11-01,5,,No
5336,1096,6,2024-08-03,2024-08-09,6,10358.14,No
5337,1096,2,2022-10-18,2022-10-21,3,4473.66,No
5338,1096,3,2024-12-05,2024-12-08,3,5007.65,No
5339,1096,6,2022-05-25,2022-06-03,9,12259.15,No
5340,1096,2,2022-02-18,2022-02-22,4,6871.16,No
5341,1097,3,2024-12-19,2024-12-22,3,3525.66,No
5342,1098,1,2023-11-14,2023-11-17,3,5461.32,No
5343,1098,3,2022-01-04,2022-01-07,3,5269.14,No
5344,1098,6,2022-06-25,2022-06-30,5,8297.52,No
5345,1098,1,2022-12-18,2022-12-24,6,8875.9,No
5346,1098,1,2024-10-19,2024-10-23,4,6377.23,No
5347,1098,2,2023-05-06,2023-05-10,4,4962.46,Yes
5348,1099,5,2024-07-13,2024-07-14,1,2658.56,Yes
5349,1099,2,2024-01-10,2024-01-13,3,5806.59,No
5350,1099,2,2022-06-04,2022-06-06,2,3841.1,No
5351,1099,1,2023-06-24,2023-06-28,4,6366.69,No
5352,1100,1,2023-04-02,2023-04-06,4,5993.4,Yes
5353,1100,2,2024-09-18,2024-09-21,3,4416.29,No
5354,1101,4,2023-08-06,2023-08-08,2,4058.16,No
5355,1102,2,2024-04-03,2024-04-05,2,3776.03,No
5356,1102,2,2023-08-13,2023-08-16,3,5337.91,No
5357,1103,5,2023-12-30,2023-12-31,1,2264.42,No
5358,1103,1,2022-08-09,2022-08-17,8,9435.1,No
5359,1103,4,2023-06-19,2023-06-21,2,3133.38,No
5360,1104,5,2022-05-11,2022-05-15,4,5745.12,No
5361,1104,2,2023-05-23,2023-05-28,5,6849.69,No
5362,1104,4,2023-09-20,2023-09-24,4,5308.6,No
5363,1104,4,2022-03-10,2022-03-12,2,3228.71,Yes
5364,1105,4,2022-06-05,2022-06-08,3,3794.13,No
5365,1105,2,2023-07-15,2023-07-16,1,3081.96,No
5366,1106,5,2022-08-14,2022-08-17,3,5174.27,No
5367,1106,1,2022-10-03,2022-10-06,3,5833.26,No
5368,1106,3,2022-08-31,2022-09-04,4,6664.87,No
5369,1106,4,2022-11-29,2022-11-30,1,2407.61,Yes
5370,1106,6,2024-07-11,2024-07-20,9,11409.93,No
5371,1107,2,2024-03-29,2024-04-02,4,6341.71,No
5372,1108,5,2023-06-05,2023-06-06,1,2412.02,No
5373,1108,4,2024-03-13,2024-03-16,3,4853.32,No
5374,1108,3,2023-02-02,2023-02-08,6,8587.25,Yes
5375,1109,1,2022-01-11,2022-01-16,5,6606.83,No
5376,1109,2,2023-08-18,2023-08-21,3,5258.55,No
5377,1110,3,2024-06-25,2024-06-28,3,5009.67,No
5378,1110,4,2024-08-16,2024-08-19,3,4258.15,Yes
5379,1110,2,2023-01-30,2023-02-02,3,4475.56,No
5380,1111,1,2022-02-05,2022-02-12,7,6534.1,No
5381,1112,4,2023-04-24,2023-04-26,2,3356.21,No
5382,1112,1,2022-11-07,2022-11-10,3,6077.56,No
5383,1112,2,2024-08-27,2024-09-02,6,7198.41,No
5384,1112,3,2022-11-24,2022-11-29,5,6800.54,No
5385,1112,4,2024-12-26,2024-12-30,4,4227.25,No
5386,1112,6,2023-02-12,2023-02-20,8,13750.3,No
5387,1113,2,2022-06-16,2022-06-19,3,5808.48,No
5388,1113,3,2023-04-09,2023-04-09,0,2146.16,No
5389,1113,1,2022-07-16,2022-07-20,4,6607.09,No
5390,1114,1,2022-07-21,2022-07-25,4,6523.32,No
5391,1114,3,2024-07-28,2024-07-28,0,1503.62,No
5392,1115,6,2024-10-13,2024-10-20,7,10738.2,No
5393,1116,6,2023-03-20,2023-03-26,6,7997.54,No
5394,1116,5,2022-04-06,2022-04-07,1,2245.25,No
5395,1116,1,2023-03-11,2023-03-14,3,4308.87,No
5396,1116,5,2024-03-20,2024-03-22,2,3037.44,No
5397,1116,6,2024-12-23,2024-12-28,5,7100.33,No
5398,1117,6,2024-08-28,2024-09-05,8,9018.35,No
5399,1118,4,2022-10-11,2022-10-12,1,2652.0,Yes
5400,1118,1,2024-05-05,2024-05-09,4,6284.16,No
5401,1119,5,2022-03-28,2022-04-01,4,4487.82,Yes
5402,1119,1,2022-09-06,2022-09-12,6,8174.97,No
5403,1119,6,2024-06-27,2024-07-02,5,8154.28,No
5404,1120,5,2024-06-30,2024-07-01,1,2084.52,No
5405,1120,6,2022-06-17,2022-06-25,8,9924.45,No
5406,1120,2,2024-06-21,2024-06-26,5,7058.15,No
5407,1120,6,2022-10-07,2022-10-11,4,6721.1,No
5408,1120,6,2024-05-15,2024-05-22,7,10296.53,Yes
5409,1121,5,2022-06-03,2022-06-04,1,2516.05,No
5410,1121,2,2022-10-07,2022-10-12,5,5775.93,No
5411,1122,4,2022-03-11,2022-03-14,3,4056.96,No
5412,1122,4,2024-10-29,2024-10-30,1,3215.39,No
5413,1122,3,2022-02-01,2022-02-02,1,3054.71,No
5414,1122,6,2022-03-27,2022-04-02,6,9171.57,No
5415,1122,3,2024-11-08,2024-11-08,0,1695.28,No
5416,1123,2,2023-06-16,2023-06-19,3,4804.04,No
5417,1124,2,2023-01-17,2023-01-18,1,3502.94,No
5418,1125,2,2024-03-29,2024-04-01,3,4868.35,No
5419,1125,4,2024-02-02,2024-02-05,3,4771.59,No
5420,1126,5,2022-05-29,2022-05-31,2,3157.0,No
5421,1126,2,2022-11-18,2022-11-25,7,7428.56,Yes
5422,1126,1,2022-07-26,2022-07-30,4,5317.59,No
5423,1126,4,2022-11-14,2022-11-18,4,6102.88,No
5424,1126,2,2023-08-14,2023-08-20,6,7037.43,No
5425,1126,2,2023-09-11,2023-09-15,4,6702.76,No
5426,1127,5,2023-01-18,2023-01-20,2,3050.45,Yes
5427,1127,2,2022-05-08,2022-05-11,3,4807.05,No
5428,1127,3,2024-12-23,2024-12-25,2,3267.19,No
5429,1127,4,2024-02-27,2024-02-28,1,2629.52,No
5430,1127,2,2022-03-02,2022-03-05,3,5487.94,No
5431,1128,4,2023-12-09,2023-12-09,0,1159.91,No
5432,1128,4,2024-03-17,2024-03-18,1,2712.95,No
5433,1128,5,2024-01-29,2024-01-29,0,1553.44,No
5434,1128,3,2023-03-26,2023-03-29,3,5847.56,No
5435,1128,2,2022-07-11,2022-07-14,3,5423.54,No
5436,1128,6,2023-11-06,2023-11-12,6,8704.25,No
5437,1129,1,2024-03-30,2024-04-04,5,8080.16,No
5438,1129,1,2024-05-01,2024-05-08,7,8261.42,No
5439,1129,5,2023-06-05,2023-06-05,0,1899.05,Yes
5440,1130,6,2024-07-11,2024-07-17,6,8752.01,No
5441,1130,2,2024-07-20,2024-07-25,5,6368.52,No
5442,1130,5,2024-11-03,2024-11-05,2,3349.57,No
5443,1131,5,2023-06-21,2023-06-21,0,1228.12,No
5444,1132,3,2024-05-05,2024-05-10,5,6660.55,No
5445,1132,6,2022-12-31,2023-01-04,4,6697.35,No
5446,1132,4,2023-11-21,2023-11-23,2,3869.81,No
5447,1132,3,2023-08-10,2023-08-16,6,8891.23,No
5448,1133,2,2024-07-22,2024-07-27,5,6577.11,No
5449,1133,5,2024-05-24,2024-05-24,0,1477.32,No
5450,1133,6,2023-04-28,2023-05-08,10,11121.17,No
5451,1133,4,2022-02-17,2022-02-18,1,3225.26,Yes
5452,1134,3,2022-09-13,2022-09-17,4,5342.16,No
5453,1134,4,2024-01-02,2024-01-04,2,3211.55,No
5454,1134,4,2023-01-25,2023-01-26,1,2954.85,No
5455,1134,3,2022-11-30,2022-11-30,0,1741.02,No
5456,1134,4,2022-03-04,2022-03-05,1,1826.8,No
5457,1134,2,2022-02-25,2022-02-27,2,5002.01,No
5458,1135,3,2023-04-22,2023-04-22,0,2167.64,No
5459,1136,5,2024-01-09,2024-01-11,2,4127.14,No
5460,1136,6,2024-07-30,2024-08-08,9,12716.06,No
5461,1136,1,2023-11-05,2023-11-11,6,6624.15,No
5462,1136,6,2022-08-02,2022-08-09,7,9148.01,No
5463,1136,6,2023-02-12,2023-02-19,7,8588.23,No
5464,1136,1,2023-04-16,2023-04-21,5,7880.61,No
5465,1137,3,2023-12-06,2023-12-08,2,3536.05,No
5466,1137,4,2022-06-04,2022-06-04,0,1036.42,Yes
5467,1138,1,2024-09-26,2024-09-29,3,5546.35,No
5468,1139,4,2024-10-13,2024-10-15,2,3906.66,No
5469,1139,3,2022-04-27,2022-05-01,4,5536.22,No
5470,1140,5,2022-03-16,2022-03-18,2,3652.48,No
5471,1140,2,2022-09-20,2022-09-23,3,5387.63,No
5472,1140,4,2023-01-18,2023-01-20,2,3245.02,No
5473,1140,3,2024-12-13,2024-12-15,2,3296.64,Yes
5474,1141,6,2023-03-21,2023-03-28,7,9581.21,Yes
5475,1141,1,2024-11-07,2024-11-12,5,8350.2,No
5476,1141,6,2023-09-23,2023-09-29,6,8902.59,Yes
5477,1141,2,2024-11-28,2024-12-02,4,5414.32,No
5478,1141,5,2022-03-27,2022-04-04,8,9047.24,No
5479,1142,1,2024-10-18,2024-10-20,2,4438.37,No
5480,1142,1,2024-03-21,2024-03-27,6,7472.24,No
5481,1142,4,2024-10-27,2024-10-29,2,3665.67,No
5482,1142,5,2024-08-05,2024-08-07,2,2931.8,No
5483,1142,4,2022-09-15,2022-09-16,1,2586.07,No
5484,1143,3,2022-01-19,2022-01-22,3,4654.0,No
5485,1143,3,2023-03-20,2023-03-26,6,7353.09,No
5486,1144,3,2022-12-30,2023-01-02,3,4437.94,No
5487,1144,3,2024-09-28,2024-09-28,0,1587.11,No
5488,1145,6,2024-01-11,2024-01-17,6,9335.72,No
5489,1145,2,2022-11-15,2022-11-20,5,7784.46,No
5490,1145,4,2022-11-03,2022-11-04,1,2535.17,Yes
5491,1145,6,2024-04-04,2024-04-09,5,8649.3,Yes
5492,1145,1,2024-05-13,2024-05-17,4,5820.78,No
5493,1146,2,2022-09-14,2022-09-15,1,3541.9,No
5494,1146,5,2024-10-21,2024-10-23,2,3092.59,No
5495,1147,4,2022-01-11,2022-01-15,4,4915.18,Yes
5496,1148,6,2024-03-03,2024-03-08,5,7151.7,No
5497,1148,6,2022-11-22,2022-11-28,6,9540.83,No
5498,1148,6,2022-06-18,2022-06-24,6,10575.37,No
5499,1148,1,2024-02-05,2024-02-09,4,6158.18,No
5500,1149,3,2023-04-21,2023-04-26,5,6060.48,No
5501,1150,6,2024-01-07,2024-01-14,7,8550.5,No
5502,1150,5,2022-06-24,2022-06-28,4,6031.92,No
5503,1150,4,2022-08-28,2022-08-30,2,3330.11,No
5504,1151,2,2023-12-02,2023-12-05,3,4827.62,No
5505,1151,5,2024-04-06,2024-04-10,4,5763.08,No
5506,1151,2,2023-12-25,2023-12-29,4,5519.78,No
5507,1151,2,2022-09-05,2022-09-09,4,6327.73,No
5508,1152,4,2024-04-27,2024-04-27,0,1490.53,No
5509,1152,3,2024-04-04,2024-04-05,1,3236.44,No
5510,1152,6,2024-01-01,2024-01-06,5,6611.31,No
5511,1152,2,2022-12-03,2022-12-06,3,5261.21,No
5512,1152,2,2024-07-29,2024-08-01,3,4547.07,No
5513,1152,6,2023-08-19,2023-08-26,7,9135.22,Yes
5514,1153,6,2023-04-22,2023-04-28,6,8860.48,No
5515,1153,6,2024-01-26,2024-02-04,9,13515.5,Yes
5516,1153,6,2024-12-21,2024-12-29,8,13987.06,No
5517,1153,2,2022-08-22,2022-08-25,3,3408.84,No
5518,1154,6,2024-12-23,2024-12-29,6,10487.28,No
5519,1154,6,2024-12-05,2024-12-14,9,10506.03,No
5520,1155,3,2022-03-14,2022-03-17,3,5019.63,No
5521,1155,5,2022-08-24,2022-08-26,2,3113.71,Yes
5522,1155,4,2024-11-20,2024-11-26,6,6399.56,No
5523,1156,6,2022-05-03,2022-05-10,7,10278.76,No
5524,1157,4,2022-10-09,2022-10-11,2,3882.68,No
5525,1157,2,2022-10-15,2022-10-17,2,4184.63,No
5526,1157,4,2024-09-24,2024-09-25,1,2770.81,No
5527,1158,4,2023-03-14,2023-03-18,4,4077.67,No
5528,1158,5,2023-05-20,2023-05-21,1,2885.73,No
5529,1158,3,2024-06-11,2024-06-14,3,4867.0,No
5530,1158,1,2023-12-16,2023-12-20,4,5835.0,No
5531,1158,6,2023-01-07,2023-01-13,6,8871.26,No
5532,1159,1,2023-06-29,2023-07-03,4,6264.35,No
5533,1160,1,2024-12-07,2024-12-10,3,5730.97,No
5534,1160,3,2022-11-02,2022-11-03,1,2590.79,No
5535,1160,3,2022-11-17,2022-11-20,3,4578.18,No
5536,1160,2,2024-01-27,2024-01-27,0,1686.09,No
5537,1161,4,2024-10-04,2024-10-04,0,2005.67,No
5538,1162,4,2023-07-29,2023-07-29,0,1853.33,No
5539,1162,6,2024-08-04,2024-08-11,7,10243.36,No
5540,1163,4,2023-05-15,2023-05-18,3,4672.53,Yes
5541,1163,5,2024-08-02,2024-08-05,3,4345.35,No
5542,1163,1,2022-04-16,2022-04-22,6,8006.72,No
5543,1164,3,2024-08-01,2024-08-02,1,2850.28,No
5544,1164,5,2022-07-10,2022-07-13,3,3685.24,No
5545,1164,3,2023-01-23,2023-01-25,2,4322.18,No
5546,1165,5,2024-11-20,2024-11-21,1,2601.22,Yes
5547,1165,3,2024-05-29,2024-06-01,3,4093.11,No
5548,1165,2,2022-04-09,2022-04-12,3,4910.62,No
5549,1166,6,2022-11-20,2022-11-27,7,9440.23,No
5550,1166,5,2023-05-31,2023-06-01,1,2401.31,No
5551,1167,3,2022-09-08,2022-09-10,2,4398.58,Yes
5552,1168,5,2024-07-01,2024-07-04,3,4211.64,No
5553,1168,1,2022-03-05,2022-03-09,4,7441.17,No
5554,1168,1,2023-12-03,2023-12-10,7,10075.09,No
5555,1168,5,2022-12-27,2022-12-27,0,1460.08,No
5556,1168,4,2022-08-06,2022-08-09,3,3869.03,No
5557,1169,1,2022-03-17,2022-03-22,5,7359.24,No
5558,1170,5,2022-04-12,2022-04-12,0,1375.6,Yes
5559,1171,3,2024-07-07,2024-07-12,5,6373.38,No
5560,1171,2,2024-09-16,2024-09-19,3,6248.03,No
5561,1171,2,2024-11-25,2024-11-29,4,5172.15,No
5562,1172,1,2023-11-12,2023-11-16,4,6076.96,Yes
5563,1172,2,2022-08-31,2022-09-01,1,3196.59,No
5564,1173,5,2022-12-23,2022-12-23,0,1668.55,No
5565,1173,3,2023-03-03,2023-03-06,3,5336.51,No
5566,1173,1,2023-08-23,2023-08-26,3,5813.24,No
5567,1173,1,2022-03-25,2022-03-30,5,6758.36,No
5568,1173,2,2022-08-07,2022-08-10,3,4184.84,No
5569,1174,6,2022-09-02,2022-09-05,3,5650.43,No
5570,1174,5,2024-02-28,2024-03-01,2,3785.41,No
5571,1174,6,2024-12-13,2024-12-18,5,7600.9,Yes
5572,1174,1,2024-12-17,2024-12-19,2,3919.4,No
5573,1175,3,2024-09-10,2024-09-10,0,2034.0,No
5574,1175,6,2024-02-15,2024-02-21,6,8316.39,No
5575,1175,3,2022-11-09,2022-11-12,3,5540.74,No
5576,1175,1,2023-02-17,2023-02-21,4,6287.12,No
5577,1176,5,2023-11-20,2023-11-20,0,1533.71,No
5578,1176,2,2024-07-25,2024-08-01,7,10454.54,No
5579,1177,1,2022-12-15,2022-12-22,7,8428.11,No
5580,1177,2,2024-08-19,2024-08-22,3,4954.7,No
5581,1177,5,2022-10-26,2022-10-31,5,6260.27,No
5582,1177,5,2022-01-25,2022-01-29,4,4424.22,No
5583,1177,2,2022-12-03,2022-12-08,5,7478.52,No
5584,1178,6,2024-11-08,2024-11-16,8,9848.76,No
5585,1178,3,2024-04-09,2024-04-13,4,6340.21,No
5586,1178,1,2024-10-06,2024-10-10,4,7017.38,No
5587,1178,2,2024-12-03,2024-12-08,5,6948.73,No
5588,1178,4,2024-03-30,2024-03-31,1,3192.88,No
5589,1178,4,2024-10-31,2024-11-01,1,2211.3,No
5590,1179,1,2022-02-21,2022-02-27,6,5639.79,No
5591,1179,1,2024-01-06,2024-01-11,5,7114.96,No
5592,1180,4,2023-02-09,2023-02-11,2,2808.81,No
5593,1180,5,2022-10-03,2022-10-04,1,2765.35,No
5594,1180,3,2024-03-15,2024-03-16,1,2732.36,No
5595,1180,5,2023-09-26,2023-09-29,3,3542.54,No
5596,1180,3,2023-08-13,2023-08-17,4,5542.55,Yes
5597,1180,6,2022-10-29,2022-11-08,10,13115.32,No
5598,1181,5,2023-02-13,2023-02-15,2,3429.33,No
5599,1182,6,2022-09-20,2022-09-26,6,11172.56,Yes
5600,1183,4,2023-02-11,2023-02-13,2,3648.6,No
5601,1183,5,2023-12-27,2023-12-29,2,3442.69,No
5602,1183,2,2024-07-21,2024-07-23,2,4934.09,No
5603,1183,6,2022-04-18,2022-04-24,6,8812.06,No
5604,1184,2,2024-07-18,2024-07-20,2,4536.77,No
5605,1184,6,2023-09-03,2023-09-10,7,10858.38,No
5606,1184,5,2024-03-28,2024-03-29,1,2227.02,No
5607,1184,1,2024-04-11,2024-04-15,4,5581.57,No
5608,1184,2,2022-04-19,2022-04-21,2,5071.47,No
5609,1184,6,2023-01-18,2023-01-25,7,9277.13,No
5610,1185,5,2024-01-28,2024-01-28,0,1232.14,Yes
5611,1185,6,2024-04-01,2024-04-08,7,9854.15,No
5612,1185,6,2024-01-21,2024-01-30,9,12465.41,Yes
5613,1185,5,2023-05-22,2023-05-22,0,1676.89,No
5614,1185,4,2024-05-25,2024-05-27,2,3188.33,No
5615,1186,3,2024-10-22,2024-10-24,2,3907.77,No
5616,1186,3,2023-09-01,2023-09-02,1,2835.18,No
5617,1186,6,2022-12-14,2022-12-18,4,7129.72,Yes
5618,1186,6,2023-09-20,2023-09-30,10,11680.74,No
5619,1186,2,2024-05-01,2024-05-06,5,7707.33,No
5620,1186,6,2024-08-04,2024-08-11,7,8914.19,Yes
5621,1187,5,2024-03-07,2024-03-11,4,5753.17,No
5622,1187,4,2022-06-27,2022-07-01,4,4959.67,No
5623,1188,3,2022-02-27,2022-02-27,0,2222.81,No
5624,1188,6,2022-01-29,2022-02-08,10,15799.7,Yes
5625,1188,4,2022-02-22,2022-02-26,4,4405.34,No
5626,1188,6,2023-11-03,2023-11-12,9,12133.5,No
5627,1188,4,2022-11-11,2022-11-14,3,4638.79,No
5628,1189,1,2023-09-16,2023-09-21,5,7155.26,No
5629,1189,1,2023-07-09,2023-07-12,3,5126.8,No
5630,1189,2,2024-02-04,2024-02-09,5,6021.82,No
5631,1189,1,2024-06-09,2024-06-13,4,5936.96,No
5632,1189,3,2022-03-24,2022-03-28,4,4781.62,No
5633,1189,2,2024-08-25,2024-08-28,3,4323.05,No
5634,1190,5,2024-03-27,2024-03-28,1,2085.92,No
5635,1190,6,2024-06-28,2024-07-04,6,8828.48,No
5636,1190,4,2024-08-08,2024-08-08,0,1747.24,No
5637,1191,1,2023-09-28,2023-10-01,3,5446.22,No
5638,1191,1,2024-05-22,2024-05-29,7,8084.08,No
5639,1191,1,2023-12-16,2023-12-22,6,7890.77,No
5640,1191,2,2023-02-27,2023-03-02,3,3822.3,No
5641,1192,3,2022-09-29,2022-09-30,1,2782.48,No
5642,1192,1,2023-02-11,2023-02-14,3,5899.68,No
5643,1193,1,2022-02-16,2022-02-23,7,6517.06,No
5644,1194,2,2023-08-10,2023-08-13,3,6467.91,No
5645,1194,3,2022-05-03,2022-05-06,3,4465.91,No
5646,1194,5,2024-10-04,2024-10-06,2,2999.76,No
5647,1194,3,2023-03-28,2023-04-01,4,5238.68,Yes
5648,1194,2,2022-05-01,2022-05-07,6,8590.97,No
5649,1195,6,2023-02-08,2023-02-15,7,10028.31,No
5650,1196,3,2024-12-26,2024-12-27,1,3166.94,No
5651,1196,1,2023-05-11,2023-05-14,3,5914.16,No
5652,1196,6,2023-03-17,2023-03-24,7,9901.37,No
5653,1197,6,2024-04-25,2024-05-03,8,9579.23,No
5654,1197,5,2023-07-10,2023-07-14,4,4542.36,No
5655,1197,3,2022-03-21,2022-03-23,2,4159.99,No
5656,1197,6,2022-03-04,2022-03-08,4,7461.61,No
5657,1198,2,2024-07-23,2024-07-28,5,,No
5658,1198,5,2024-11-20,2024-11-25,5,5135.31,Yes
5659,1198,2,2022-05-18,2022-05-23,5,6918.35,No
5660,1199,5,2022-10-05,2022-10-08,3,3218.45,No
5661,1199,6,2022-07-25,2022-08-01,7,9454.46,No
5662,1199,6,2022-12-27,2023-01-02,6,7500.99,No
5663,1199,6,2023-02-19,2023-02-25,6,7142.93,Yes
5664,1200,6,2023-02-26,2023-03-04,6,8851.78,Yes
5665,1201,6,2022-12-01,2022-12-08,7,8216.41,No
5666,1202,1,2023-08-09,2023-08-15,6,7711.06,Yes
5667,1202,2,2023-01-15,2023-01-20,5,7551.99,No
5668,1202,2,2023-04-19,2023-04-24,5,7025.5,No
5669,1202,3,2024-04-02,2024-04-05,3,4575.72,No
5670,1202,6,2022-09-15,2022-09-19,4,6324.94,Yes
5671,1202,4,2022-10-24,2022-10-28,4,5921.66,No
5672,1203,1,2023-01-07,2023-01-12,5,6735.63,No
5673,1203,2,2023-07-30,2023-08-03,4,5588.94,No
5674,1203,2,2023-09-23,2023-09-27,4,6562.2,No
5675,1203,1,2023-04-13,2023-04-20,7,9711.76,Yes
5676,1204,3,2022-07-23,2022-07-28,5,6638.66,No
5677,1204,4,2024-04-11,2024-04-13,2,3418.42,No
5678,1204,3,2024-07-06,2024-07-07,1,2623.78,No
5679,1205,4,2022-12-12,2022-12-15,3,3165.78,Yes
5680,1205,3,2023-08-27,2023-08-28,1,2957.88,Yes
5681,1206,4,2023-09-18,2023-09-24,6,6175.73,No
5682,1206,4,2022-12-09,2022-12-11,2,3804.81,No
5683,1207,4,2023-09-25,2023-09-28,3,3893.91,No
5684,1207,5,2024-07-14,2024-07-15,1,2612.11,Yes
5685,1207,1,2022-04-04,2022-04-09,5,8231.5,No
5686,1207,1,2022-08-13,2022-08-18,5,7558.74,No
5687,1207,5,2023-10-29,2023-10-31,2,4207.49,No
5688,1207,2,2022-01-27,2022-01-31,4,6216.81,No
5689,1208,5,2024-11-01,2024-11-01,0,1745.74,Yes
5690,1208,6,2023-03-13,2023-03-18,5,8179.39,No
5691,1209,3,2022-05-23,2022-05-28,5,7844.42,No
5692,1209,2,2022-11-23,2022-11-28,5,6519.98,No
5693,1209,3,2024-01-06,2024-01-07,1,3053.23,No
5694,1209,4,2022-12-30,2023-01-02,3,4074.65,Yes
5695,1210,1,2023-11-13,2023-11-14,1,3887.09,No
5696,1210,3,2022-08-02,2022-08-04,2,4843.12,No
5697,1210,2,2023-10-17,2023-10-21,4,6095.92,Yes
5698,1210,6,2023-09-10,2023-09-14,4,7573.15,Yes
5699,1210,4,2024-02-14,2024-02-16,2,3210.56,Yes
5700,1210,3,2024-02-13,2024-02-14,1,3304.62,No
5701,1211,6,2023-05-31,2023-06-07,7,9526.13,No
5702,1211,5,2022-10-04,2022-10-08,4,5992.08,No
5703,1211,6,2024-03-27,2024-04-02,6,9990.92,No
5704,1211,1,2023-08-20,2023-08-24,4,6167.59,No
5705,1212,5,2022-10-08,2022-10-11,3,3891.37,Yes
5706,1212,6,2024-08-05,2024-08-14,9,11067.07,No
5707,1212,1,2024-09-25,2024-09-29,4,6934.79,No
5708,1212,6,2023-12-19,2023-12-29,10,13452.18,Yes
5709,1212,3,2022-02-25,2022-03-01,4,5568.93,No
5710,1213,4,2024-10-01,2024-10-02,1,2343.95,No
5711,1213,5,2024-03-15,2024-03-15,0,1541.64,No
5712,1213,3,2022-06-09,2022-06-09,0,1727.04,No
5713,1214,5,2023-07-11,2023-07-12,1,3221.46,No
5714,1214,1,2022-07-12,2022-07-15,3,5200.11,No
5715,1215,3,2024-07-04,2024-07-06,2,3679.27,No
5716,1215,1,2022-01-08,2022-01-15,7,8552.9,No
5717,1215,6,2023-10-24,2023-10-31,7,10050.25,No
5718,1215,5,2024-08-02,2024-08-03,1,3012.97,No
5719,1215,6,2022-04-29,2022-05-10,11,13091.7,Yes
5720,1216,1,2023-06-11,2023-06-17,6,8592.8,No
5721,1216,5,2023-09-18,2023-09-18,0,1909.86,No
5722,1216,1,2023-07-04,2023-07-09,5,8137.5,No
5723,1217,5,2023-09-07,2023-09-08,1,2502.7,No
5724,1217,6,2023-08-28,2023-09-04,7,10731.59,No
5725,1217,6,2023-09-25,2023-10-02,7,10758.95,No
5726,1218,5,2024-11-03,2024-11-05,2,3771.44,No
5727,1218,2,2022-09-24,2022-09-28,4,6128.51,No
5728,1218,3,2023-09-28,2023-10-01,3,4091.02,No
5729,1218,2,2022-09-03,2022-09-07,4,6737.21,No
5730,1218,1,2022-05-19,2022-05-24,5,7625.12,No
5731,1219,5,2024-09-22,2024-09-24,2,3660.48,No
5732,1219,3,2024-04-21,2024-04-21,0,1350.31,No
5733,1219,5,2024-06-30,2024-07-01,1,2592.02,No
5734,1219,3,2022-09-16,2022-09-21,5,6896.32,No
5735,1220,4,2022-03-12,2022-03-14,2,2144.81,No
5736,1221,1,2022-03-03,2022-03-10,7,8618.6,No
5737,1221,6,2023-01-16,2023-01-22,6,8815.28,No
5738,1221,6,2023-11-18,2023-11-25,7,10982.27,No
5739,1221,5,2022-10-15,2022-10-18,3,4122.52,No
5740,1221,2,2022-11-06,2022-11-08,2,4868.63,No
5741,1221,1,2023-10-16,2023-10-21,5,7040.99,No
5742,1222,5,2023-01-29,2023-01-31,2,3608.77,No
5743,1222,6,2024-10-10,2024-10-17,7,10726.7,No
5744,1222,6,2022-01-16,2022-01-24,8,13588.05,No
5745,1222,1,2022-12-09,2022-12-14,5,7003.54,No
5746,1222,4,2023-02-06,2023-02-06,0,1835.4,No
5747,1222,2,2022-06-03,2022-06-07,4,6341.45,No
5748,1223,1,2023-10-31,2023-11-06,6,9776.72,Yes
5749,1223,6,2022-03-15,2022-03-19,4,7965.43,No
5750,1223,4,2024-07-12,2024-07-15,3,4861.03,No
5751,1224,6,2023-11-04,2023-11-10,6,9445.3,No
5752,1224,2,2023-12-10,2023-12-13,3,5177.33,No
5753,1224,6,2024-12-19,2024-12-26,7,10190.37,Yes
5754,1224,2,2022-05-12,2022-05-12,0,2370.41,No
5755,1224,4,2023-09-09,2023-09-12,3,4415.96,No
5756,1224,2,2023-12-17,2023-12-19,2,4186.29,No
5757,1225,1,2023-06-01,2023-06-05,4,6375.49,No
5758,1225,3,2023-05-03,2023-05-07,4,5571.55,No
5759,1225,1,2022-10-27,2022-11-03,7,7582.2,No
5760,1226,4,2023-11-05,2023-11-09,4,5040.14,No
5761,1226,5,2023-07-30,2023-08-01,2,3686.81,No
5762,1226,3,2023-06-21,2023-06-24,3,4808.61,No
5763,1226,2,2023-01-29,2023-02-02,4,5164.85,No
5764,1227,6,2022-06-19,2022-06-25,6,9581.35,No
5765,1227,6,2023-11-18,2023-11-23,5,8210.37,No
5766,1227,2,2024-02-04,2024-02-08,4,6080.93,No
5767,1227,2,2023-10-19,2023-10-24,5,5480.06,No
5768,1228,2,2022-04-13,2022-04-13,0,2276.63,No
5769,1228,2,2024-08-03,2024-08-09,6,8057.13,No
5770,1228,5,2022-05-07,2022-05-07,0,2422.1,No
5771,1229,4,2024-07-25,2024-07-25,0,1615.01,No
5772,1229,4,2022-11-30,2022-12-04,4,5561.02,No
5773,1229,4,2023-08-23,2023-08-24,1,2553.93,No
5774,1229,6,2024-02-15,2024-02-22,7,8712.66,Yes
5775,1229,6,2023-08-17,2023-08-23,6,9189.7,Yes
5776,1229,6,2022-07-29,2022-08-02,4,6339.39,No
5777,1230,4,2023-05-22,2023-05-22,0,1799.89,No
5778,1230,4,2022-06-25,2022-06-25,0,1137.15,No
5779,1230,6,2023-11-08,2023-11-17,9,12202.74,No
5780,1230,2,2022-05-30,2022-06-02,3,5744.21,No
5781,1230,4,2023-03-09,2023-03-11,2,3166.12,No
5782,1231,2,2022-12-03,2022-12-07,4,5554.68,No
5783,1231,5,2024-01-04,2024-01-07,3,4311.78,Yes
5784,1231,6,2024-06-11,2024-06-16,5,7225.38,No
5785,1232,4,2022-09-28,2022-10-01,3,4185.1,No
5786,1232,4,2023-06-27,2023-06-27,0,1398.48,No
5787,1232,6,2024-09-27,2024-10-02,5,9322.22,No
5788,1232,4,2022-10-25,2022-10-27,2,3638.13,No
5789,1232,4,2023-06-01,2023-06-02,1,2472.8,No
5790,1232,6,2023-10-18,2023-10-25,7,11082.76,No
5791,1233,6,2024-01-17,2024-01-24,7,9783.69,No
5792,1233,4,2024-09-30,2024-10-01,1,2063.94,No
5793,1233,2,2024-07-27,2024-07-29,2,5302.25,No
5794,1233,4,2024-11-14,2024-11-15,1,2874.06,Yes
5795,1233,5,2022-04-11,2022-04-14,3,4529.88,No
5796,1234,1,2022-01-21,2022-01-23,2,4526.03,No
5797,1235,2,2022-05-18,2022-05-23,5,5413.93,No
5798,1235,2,2024-06-21,2024-06-23,2,4044.06,No
5799,1235,1,2024-11-09,2024-11-16,7,9429.55,No
5800,1236,5,2022-05-28,2022-05-31,3,3374.26,No
5801,1236,5,2023-02-16,2023-02-16,0,2000.25,No
5802,1236,6,2024-11-08,2024-11-16,8,9116.69,Yes
5803,1236,4,2023-03-23,2023-03-25,2,3416.59,No
5804,1236,2,2023-12-28,2023-12-31,3,4351.14,No
5805,1237,3,2022-10-29,2022-10-30,1,3013.42,Yes
5806,1238,3,2024-02-27,2024-02-27,0,2020.5,No
5807,1238,4,2023-06-17,2023-06-18,1,2937.23,No
5808,1238,1,2024-12-18,2024-12-25,7,8888.68,No
5809,1238,4,2022-10-19,2022-10-20,1,2885.81,No
5810,1238,2,2022-12-31,2023-01-04,4,5123.58,No
5811,1238,6,2024-11-30,2024-12-07,7,10321.38,Yes
5812,1239,3,2023-08-20,2023-08-24,4,4144.32,No
5813,1239,3,2023-12-12,2023-12-14,2,3718.06,No
5814,1239,2,2023-06-18,2023-06-21,3,4161.38,No
5815,1240,2,2023-09-04,2023-09-08,4,6514.98,Yes
5816,1240,1,2024-02-28,2024-02-29,1,3454.37,No
5817,1240,1,2022-03-23,2022-03-25,2,4809.92,No
5818,1240,2,2023-07-05,2023-07-06,1,3320.58,No
5819,1240,4,2024-09-13,2024-09-14,1,2775.48,No
5820,1240,1,2022-08-24,2022-08-29,5,6999.57,No
5821,1241,1,2023-08-27,2023-09-02,6,7584.8,No
5822,1242,4,2023-02-04,2023-02-05,1,2236.53,No
5823,1242,1,2022-03-29,2022-04-03,5,8180.22,No
5824,1242,5,2023-08-02,2023-08-05,3,4069.37,No
5825,1242,3,2022-08-06,2022-08-12,6,8380.96,Yes
5826,1242,1,2024-11-29,2024-12-05,6,8770.17,No
5827,1242,2,2023-04-25,2023-04-28,3,5852.8,No
5828,1243,4,2022-04-16,2022-04-16,0,1485.41,No
5829,1243,4,2023-03-03,2023-03-04,1,1960.52,No
5830,1243,2,2022-03-17,2022-03-20,3,4709.12,No
5831,1243,4,2023-08-10,2023-08-11,1,2271.9,No
5832,1243,6,2022-09-08,2022-09-15,7,8948.9,No
5833,1244,4,2022-11-10,2022-11-13,3,4296.81,No
5834,1244,5,2022-02-09,2022-02-11,2,3770.7,No
5835,1244,2,2024-10-26,2024-10-31,5,6668.33,No
5836,1244,1,2024-01-14,2024-01-17,3,5492.3,No
5837,1244,2,2022-02-24,2022-02-28,4,6218.8,No
5838,1244,2,2024-08-16,2024-08-19,3,5369.7,Yes
5839,1245,5,2022-03-02,2022-03-04,2,3570.97,No
5840,1245,1,2024-02-02,2024-02-05,3,5661.14,No
5841,1246,5,2022-12-28,2022-12-30,2,3488.85,No
5842,1246,4,2023-10-17,2023-10-21,4,5563.34,No
5843,1246,4,2023-03-20,2023-03-20,0,1642.74,No
5844,1247,3,2022-03-28,2022-03-30,2,3195.85,No
5845,1247,4,2022-12-22,2022-12-23,1,2531.72,No
5846,1248,5,2024-01-03,2024-01-03,0,1063.52,No
5847,1248,1,2023-08-19,2023-08-24,5,5747.61,No
5848,1248,5,2023-04-12,2023-04-12,0,1482.68,No
5849,1249,4,2024-12-23,2024-12-23,0,1550.0,No
5850,1249,5,2022-12-07,2022-12-08,1,2811.56,No
5851,1249,4,2024-08-29,2024-08-29,0,1863.84,No
5852,1249,4,2024-03-10,2024-03-12,2,3655.16,No
5853,1249,4,2022-07-02,2022-07-03,1,2173.31,No
5854,1250,6,2024-10-16,2024-10-24,8,13224.77,No
5855,1250,4,2024-01-05,2024-01-07,2,3510.2,Yes
5856,1250,4,2022-02-22,2022-02-23,1,3013.6,No
5857,1250,4,2023-11-15,2023-11-15,0,1214.44,No
5858,1251,1,2024-01-02,2024-01-05,3,6191.21,No
5859,1251,3,2023-12-23,2023-12-25,2,3998.24,No
5860,1251,6,2023-10-21,2023-10-25,4,8457.99,No
5861,1251,2,2024-10-18,2024-10-23,5,4570.34,No
5862,1251,1,2024-06-16,2024-06-20,4,7124.01,No
5863,1252,1,2024-02-17,2024-02-20,3,5844.66,No
5864,1252,2,2022-06-26,2022-06-30,4,4266.09,No
5865,1252,2,2022-06-10,2022-06-13,3,4419.85,No
5866,1252,2,2024-06-17,2024-06-20,3,5454.69,No
5867,1253,1,2024-06-15,2024-06-21,6,8021.95,No
5868,1253,5,2023-02-18,2023-02-19,1,2392.65,No
5869,1254,5,2024-04-07,2024-04-10,3,4252.54,No
5870,1254,2,2023-03-01,2023-03-07,6,8449.83,No
5871,1254,4,2023-09-26,2023-09-28,2,2629.2,No
5872,1255,5,2022-12-18,2022-12-18,0,1724.37,No
5873,1255,5,2023-03-20,2023-03-21,1,2381.4,Yes
5874,1255,2,2023-01-15,2023-01-17,2,4481.06,No
5875,1255,3,2023-04-30,2023-04-30,0,1794.27,No
5876,1256,1,2023-12-15,2023-12-25,10,14549.73,No
5877,1256,3,2023-03-30,2023-04-02,3,5264.55,No
5878,1256,5,2023-10-11,2023-10-11,0,1355.09,No
5879,1256,5,2022-11-27,2022-11-28,1,2435.52,No
5880,1256,2,2024-04-06,2024-04-10,4,4941.38,No
5881,1256,1,2022-03-30,2022-04-04,5,6484.89,No
5882,1257,2,2023-10-23,2023-10-26,3,6331.63,No
5883,1257,3,2023-04-27,2023-04-30,3,4804.65,No
5884,1257,4,2023-02-03,2023-02-04,1,2269.43,Yes
5885,1257,2,2023-04-28,2023-05-04,6,7490.23,No
5886,1257,1,2023-02-15,2023-02-21,6,8771.73,No
5887,1257,1,2023-03-21,2023-03-27,6,7483.37,No
5888,1258,6,2022-02-22,2022-03-02,8,12276.55,No
5889,1258,6,2024-03-17,2024-03-24,7,9629.67,No
5890,1258,4,2022-08-26,2022-08-26,0,1453.39,Yes
5891,1258,2,2022-11-24,2022-11-27,3,5593.22,No
5892,1259,6,2022-03-21,2022-03-29,8,8879.8,No
5893,1259,2,2022-10-06,2022-10-09,3,5262.89,Yes
5894,1259,4,2023-02-02,2023-02-03,1,2206.86,No
5895,1260,5,2022-02-19,2022-02-19,0,1612.68,No
5896,1260,1,2024-01-27,2024-02-04,8,8717.66,No
5897,1260,2,2023-07-18,2023-07-22,4,5788.63,No
5898,1260,6,2024-09-15,2024-09-21,6,8388.29,No
5899,1260,4,2023-05-30,2023-05-30,0,1589.21,No
5900,1260,3,2024-10-18,2024-10-22,4,4530.94,No
5901,1261,6,2023-07-27,2023-08-02,6,9255.14,No
5902,1261,5,2024-04-13,2024-04-15,2,3342.18,No
5903,1261,1,2023-03-07,2023-03-10,3,5457.87,Yes
5904,1261,5,2023-07-17,2023-07-17,0,1787.8,No
5905,1261,1,2023-02-16,2023-02-21,5,7636.16,No
5906,1262,5,2023-09-27,2023-10-01,4,5358.41,No
5907,1262,5,2022-12-13,2022-12-16,3,4062.75,No
5908,1263,5,2024-01-23,2024-01-26,3,4272.56,No
5909,1263,5,2022-03-12,2022-03-16,4,4665.0,No
5910,1263,6,2024-07-17,2024-07-23,6,9555.86,Yes
5911,1263,3,2023-09-17,2023-09-19,2,3627.82,No
5912,1263,4,2023-02-15,2023-02-17,2,3885.29,No
5913,1263,2,2023-01-11,2023-01-15,4,6074.81,No
5914,1264,5,2023-09-07,2023-09-09,2,3216.05,No
5915,1264,3,2022-08-10,2022-08-14,4,6351.72,No
5916,1264,6,2022-03-14,2022-03-22,8,10335.79,No
5917,1264,6,2022-11-06,2022-11-12,6,9117.51,No
5918,1264,4,2022-06-18,2022-06-19,1,2477.77,No
5919,1264,5,2024-01-16,2024-01-17,1,2350.77,Yes
5920,1265,1,2023-04-09,2023-04-12,3,6206.88,No
5921,1265,1,2023-11-26,2023-11-30,4,8069.0,No
5922,1266,3,2022-08-02,2022-08-04,2,3797.84,No
5923,1266,1,2023-05-30,2023-06-03,4,6707.39,No
5924,1266,1,2023-07-07,2023-07-14,7,9115.35,No
5925,1266,6,2023-08-19,2023-08-24,5,7465.94,No
5926,1266,4,2023-08-15,2023-08-15,0,1726.62,No
5927,1267,3,2024-10-19,2024-10-21,2,3998.14,No
5928,1267,5,2022-06-02,2022-06-02,0,1552.17,Yes
5929,1267,1,2022-03-27,2022-03-30,3,6155.93,No
5930,1268,2,2022-10-16,2022-10-23,7,7744.33,No
5931,1268,5,2024-10-02,2024-10-03,1,2318.79,No
5932,1268,5,2023-09-24,2023-09-26,2,3814.98,Yes
5933,1268,2,2022-10-25,2022-10-29,4,6328.93,No
5934,1268,4,2024-12-09,2024-12-14,5,6046.92,No
5935,1269,5,2023-06-12,2023-06-14,2,3239.63,No
5936,1269,6,2024-04-10,2024-04-18,8,9458.82,No
5937,1269,5,2022-10-27,2022-10-27,0,1047.46,No
5938,1270,4,2022-10-21,2022-10-23,2,2975.92,No
5939,1270,1,2024-12-21,2024-12-23,2,4755.25,No
5940,1270,6,2024-05-18,2024-05-26,8,10250.94,Yes
5941,1271,6,2024-03-20,2024-03-29,9,12808.3,No
5942,1271,1,2022-05-10,2022-05-16,6,9539.4,Yes
5943,1271,2,2023-11-18,2023-11-21,3,4927.22,Yes
5944,1271,4,2024-07-05,2024-07-07,2,3736.05,No
5945,1271,4,2022-06-22,2022-06-22,0,1424.23,No
5946,1271,2,2024-11-05,2024-11-07,2,3794.82,Yes
5947,1272,3,2022-06-15,2022-06-17,2,4191.88,No
5948,1272,3,2024-10-12,2024-10-13,1,2856.93,No
5949,1272,5,2022-12-27,2022-12-27,0,1985.49,No
5950,1272,6,2024-12-30,2025-01-05,6,8254.47,No
5951,1272,2,2022-09-04,2022-09-07,3,5117.54,No
5952,1272,4,2024-04-07,2024-04-08,1,1980.22,No
5953,1273,2,2023-01-18,2023-01-22,4,,No
5954,1273,2,2023-08-22,2023-08-29,7,10350.63,No
5955,1273,6,2022-09-15,2022-09-24,9,12254.11,Yes
5956,1274,4,2024-07-18,2024-07-21,3,3804.18,Yes
5957,1274,6,2022-12-06,2022-12-13,7,10872.01,No
5958,1274,5,2024-10-03,2024-10-06,3,5174.36,No
5959,1274,3,2023-08-10,2023-08-15,5,8079.32,No
5960,1275,1,2024-12-03,2024-12-09,6,,No
5961,1275,5,2024-09-23,2024-09-23,0,1390.19,No
5962,1275,6,2022-09-20,2022-09-26,6,9478.22,No
5963,1275,1,2022-12-26,2022-12-31,5,7767.3,No
5964,1275,2,2024-06-25,2024-06-26,1,3616.57,No
5965,1275,6,2024-01-30,2024-02-07,8,10538.72,No
5966,1276,2,2024-04-27,2024-05-01,4,5389.91,No
5967,1276,2,2022-04-05,2022-04-09,4,6342.72,No
5968,1276,3,2022-03-14,2022-03-16,2,3518.22,No
5969,1277,1,2024-12-18,2024-12-22,4,6472.32,No
5970,1277,2,2022-08-04,2022-08-06,2,4073.04,No
5971,1277,1,2023-05-16,2023-05-20,4,6427.68,No
5972,1277,3,2023-07-11,2023-07-13,2,3856.12,No
5973,1277,5,2024-08-16,2024-08-16,0,1480.33,No
5974,1278,5,2024-01-27,2024-01-27,0,1316.5,No
5975,1278,1,2024-07-12,2024-07-17,5,6545.92,No
5976,1278,6,2022-08-08,2022-08-13,5,7132.99,Yes
5977,1278,6,2023-10-31,2023-11-07,7,8395.66,No
5978,1278,1,2024-08-30,2024-08-31,1,3952.42,No
5979,1278,5,2023-03-09,2023-03-09,0,1292.42,No
5980,1279,4,2024-01-12,2024-01-13,1,2661.67,No
5981,1279,4,2022-05-09,2022-05-09,0,1772.91,No
5982,1279,2,2024-08-02,2024-08-07,5,6627.21,Yes
5983,1279,5,2023-08-26,2023-08-26,0,1590.87,No
5984,1280,3,2024-04-27,2024-04-30,3,4229.43,No
5985,1280,1,2022-12-18,2022-12-24,6,6766.71,No
5986,1280,4,2023-07-29,2023-07-31,2,3030.15,No
5987,1281,5,2024-08-29,2024-08-30,1,2117.32,Yes
5988,1282,4,2023-07-06,2023-07-07,1,2285.91,No
5989,1282,1,2022-03-02,2022-03-08,6,7082.02,No
5990,1282,6,2023-06-22,2023-06-29,7,10091.97,No
5991,1282,1,2024-01-02,2024-01-05,3,6056.56,No
5992,1283,3,2024-03-08,2024-03-09,1,2587.67,No
5993,1283,2,2022-04-09,2022-04-12,3,4362.15,No
5994,1284,6,2024-07-03,2024-07-10,7,10225.3,No
5995,1284,4,2022-01-16,2022-01-16,0,1495.06,No
5996,1285,3,2024-04-06,2024-04-09,3,4105.62,No
5997,1285,5,2024-07-24,2024-07-26,2,4018.15,No
5998,1286,1,2023-02-20,2023-02-24,4,6083.08,No
5999,1287,1,2024-08-25,2024-08-29,4,6711.56,No
6000,1287,6,2023-09-19,2023-09-27,8,9450.02,Yes
6001,1287,6,2023-01-04,2023-01-11,7,10597.56,No
6002,1288,2,2024-09-13,2024-09-18,5,7117.21,No
6003,1289,3,2022-04-19,2022-04-19,0,1723.05,No
6004,1289,5,2022-08-01,2022-08-01,0,1613.56,No
6005,1289,2,2022-02-20,2022-02-26,6,5833.97,No
6006,1290,4,2023-11-23,2023-11-25,2,3202.52,No
6007,1290,3,2022-10-20,2022-10-20,0,2109.08,No
6008,1290,5,2022-12-13,2022-12-13,0,1608.19,Yes
6009,1290,2,2023-01-05,2023-01-08,3,,No
6010,1290,4,2022-11-29,2022-11-30,1,2309.0,No
6011,1291,1,2022-08-30,2022-09-05,6,8694.53,No
6012,1291,4,2023-01-20,2023-01-20,0,1806.32,No
6013,1291,4,2024-10-08,2024-10-09,1,2487.74,No
6014,1291,5,2024-01-19,2024-01-19,0,1387.98,No
6015,1291,1,2024-08-08,2024-08-12,4,6757.73,No
6016,1292,5,2024-10-06,2024-10-07,1,2099.95,No
6017,1292,1,2024-10-09,2024-10-15,6,8804.81,No
6018,1292,4,2023-10-26,2023-10-28,2,3283.02,No
6019,1292,3,2022-05-14,2022-05-18,4,6784.42,Yes
6020,1292,3,2022-06-11,2022-06-16,5,6038.19,No
6021,1293,2,2023-08-27,2023-09-01,5,7766.04,No
6022,1293,5,2022-09-17,2022-09-21,4,5797.08,No
6023,1293,2,2022-01-17,2022-01-22,5,6893.57,No
6024,1293,1,2022-04-07,2022-04-13,6,8302.46,No
6025,1294,5,2024-05-11,2024-05-14,3,4209.78,No
6026,1295,5,2024-08-07,2024-08-08,1,2811.65,No
6027,1295,1,2022-09-20,2022-09-25,5,7793.86,No
6028,1295,2,2023-09-24,2023-09-29,5,5817.65,No
6029,1296,3,2023-10-15,2023-10-19,4,4916.42,Yes
6030,1296,5,2022-06-26,2022-06-27,1,2541.32,No
6031,1296,5,2023-07-20,2023-07-21,1,2125.99,No
6032,1296,3,2024-02-12,2024-02-15,3,4936.51,No
6033,1296,5,2022-02-20,2022-02-25,5,5683.71,No
6034,1297,6,2024-09-20,2024-09-29,9,10721.06,No
6035,1297,4,2022-10-30,2022-11-01,2,3303.69,No
6036,1297,1,2024-12-16,2024-12-22,6,6593.79,No
6037,1297,4,2023-03-18,2023-03-20,2,3439.24,No
6038,1298,4,2023-09-13,2023-09-13,0,1335.02,Yes
6039,1298,5,2024-08-17,2024-08-19,2,3281.94,Yes
6040,1298,3,2023-06-10,2023-06-13,3,4341.68,No
6041,1298,4,2024-10-24,2024-10-25,1,3102.09,No
6042,1298,1,2022-04-30,2022-05-05,5,7510.01,No
6043,1298,6,2023-04-06,2023-04-12,6,8207.82,Yes
6044,1299,4,2024-04-13,2024-04-14,1,2706.74,No
6045,1299,2,2024-04-01,2024-04-06,5,7359.75,No
6046,1299,6,2023-03-31,2023-04-06,6,8091.75,No
6047,1300,6,2022-04-03,2022-04-07,4,7005.21,No
6048,1300,2,2022-10-12,2022-10-16,4,6253.53,Yes
6049,1301,2,2024-12-17,2024-12-22,5,6580.52,No
6050,1301,2,2022-03-28,2022-04-03,6,7129.5,No
6051,1301,6,2023-03-10,2023-03-17,7,10289.98,No
6052,1301,4,2022-03-22,2022-03-24,2,3296.68,Yes
6053,1301,2,2022-12-25,2023-01-01,7,8281.53,No
6054,1301,6,2022-04-24,2022-05-04,10,11887.54,No
6055,1302,5,2023-07-29,2023-07-31,2,2480.65,No
6056,1302,6,2023-01-29,2023-02-05,7,9286.12,Yes
6057,1303,6,2022-02-05,2022-02-10,5,7775.56,No
6058,1303,4,2024-06-16,2024-06-16,0,1786.3,No
6059,1303,4,2023-10-29,2023-10-29,0,1092.1,No
6060,1303,3,2024-02-08,2024-02-13,5,6391.85,No
6061,1304,1,2023-07-13,2023-07-20,7,7335.4,No
6062,1304,6,2022-12-02,2022-12-07,5,7366.65,Yes
6063,1304,4,2022-01-27,2022-01-29,2,3008.17,No
6064,1304,3,2023-03-15,2023-03-21,6,7836.56,Yes
6065,1304,6,2022-07-18,2022-07-26,8,9832.93,Yes
6066,1304,3,2024-12-02,2024-12-03,1,3382.31,No
6067,1305,6,2023-11-14,2023-11-21,7,11760.52,No
6068,1305,3,2023-02-15,2023-02-17,2,3624.3,No
6069,1305,3,2022-04-24,2022-04-27,3,5321.26,Yes
6070,1305,5,2023-10-14,2023-10-16,2,3247.19,No
6071,1305,5,2024-06-13,2024-06-16,3,4173.89,No
6072,1305,3,2022-09-17,2022-09-18,1,3388.5,No
6073,1306,1,2024-05-31,2024-06-08,8,9424.18,No
6074,1306,1,2024-08-20,2024-08-25,5,6912.46,Yes
6075,1306,4,2023-05-26,2023-05-27,1,2390.7,No
6076,1306,6,2022-02-11,2022-02-20,9,10239.72,Yes
6077,1306,5,2022-04-24,2022-04-29,5,5594.24,Yes
6078,1306,6,2024-02-28,2024-03-09,10,11424.88,No
6079,1307,2,2023-11-17,2023-11-24,7,8232.73,No
6080,1307,6,2024-04-17,2024-04-22,5,8488.15,No
6081,1307,1,2024-03-26,2024-04-02,7,9185.49,No
6082,1307,4,2022-07-19,2022-07-20,1,2254.94,No
6083,1308,5,2024-04-05,2024-04-06,1,2064.38,No
6084,1308,1,2023-02-09,2023-02-15,6,7327.12,No
6085,1308,1,2023-12-31,2024-01-04,4,6598.09,Yes
6086,1309,6,2022-12-25,2023-01-01,7,9351.07,No
6087,1310,4,2023-10-06,2023-10-06,0,1901.17,No
6088,1310,1,2024-07-18,2024-07-21,3,5098.74,No
6089,1310,1,2024-05-31,2024-06-04,4,7023.31,No
6090,1310,5,2023-11-03,2023-11-05,2,2531.15,No
6091,1310,3,2022-10-17,2022-10-19,2,3115.39,No
6092,1310,6,2024-05-14,2024-05-16,2,5689.47,No
6093,1311,3,2022-09-07,2022-09-10,3,5467.45,No
6094,1311,5,2023-10-20,2023-10-21,1,2958.72,No
6095,1311,1,2024-07-30,2024-08-03,4,6564.25,No
6096,1311,2,2022-11-24,2022-11-27,3,6390.16,No
6097,1311,4,2023-03-07,2023-03-07,0,1095.54,No
6098,1312,4,2023-06-07,2023-06-09,2,3348.73,No
6099,1312,3,2023-11-01,2023-11-01,0,2553.24,No
6100,1312,3,2023-12-08,2023-12-13,5,6686.74,No
6101,1312,6,2023-05-20,2023-05-27,7,9476.44,No
6102,1312,1,2022-07-29,2022-08-05,7,8047.01,No
6103,1313,5,2023-12-12,2023-12-12,0,1901.34,No
6104,1313,2,2023-07-13,2023-07-14,1,3720.25,No
6105,1313,2,2023-01-09,2023-01-13,4,5652.65,No
6106,1313,1,2024-07-31,2024-08-04,4,7113.1,No
6107,1313,6,2023-04-19,2023-04-24,5,9042.78,No
6108,1314,2,2023-06-25,2023-06-30,5,8339.42,No
6109,1314,1,2023-04-03,2023-04-08,5,8169.54,Yes
6110,1314,5,2024-02-25,2024-02-28,3,3419.04,Yes
6111,1314,4,2022-10-26,2022-10-29,3,4654.03,No
6112,1314,3,2024-07-31,2024-08-02,2,3829.17,No
6113,1314,3,2023-07-31,2023-08-06,6,6715.57,No
6114,1315,3,2023-08-27,2023-08-31,4,6612.31,No
6115,1316,3,2023-04-21,2023-04-25,4,6352.54,No
6116,1316,6,2022-01-05,2022-01-11,6,8639.72,Yes
6117,1316,1,2024-07-26,2024-07-31,5,7105.79,No
6118,1317,1,2022-12-22,2022-12-23,1,3938.1,No
6119,1317,1,2024-06-20,2024-06-25,5,7406.95,No
6120,1317,2,2023-06-26,2023-07-01,5,6188.04,No
6121,1317,5,2022-07-03,2022-07-05,2,3665.1,No
6122,1318,4,2024-02-27,2024-03-02,4,5441.29,No
6123,1318,2,2024-01-12,2024-01-16,4,6954.18,No
6124,1318,5,2023-06-07,2023-06-10,3,3819.25,No
6125,1318,1,2022-09-05,2022-09-11,6,8274.05,No
6126,1318,2,2024-02-09,2024-02-14,5,7537.93,No
6127,1319,1,2023-12-03,2023-12-09,6,9207.17,Yes
6128,1320,4,2024-11-06,2024-11-10,4,5867.56,No
6129,1320,2,2022-07-12,2022-07-16,4,6983.41,No
6130,1321,2,2024-02-29,2024-03-02,2,4713.6,No
6131,1322,2,2024-01-28,2024-02-01,4,6961.5,No
6132,1322,3,2022-05-19,2022-05-21,2,3727.15,No
6133,1322,6,2022-10-05,2022-10-11,6,8397.74,No
6134,1322,2,2024-01-31,2024-02-02,2,4091.48,No
6135,1322,1,2023-05-25,2023-05-30,5,6436.8,No
6136,1322,4,2024-12-20,2024-12-22,2,3250.94,No
6137,1323,4,2022-04-06,2022-04-08,2,3816.07,Yes
6138,1323,6,2023-09-07,2023-09-15,8,9929.45,No
6139,1323,6,2024-11-13,2024-11-18,5,7014.97,Yes
6140,1323,4,2023-05-24,2023-05-26,2,3566.27,No
6141,1324,1,2024-04-04,2024-04-09,5,7641.84,No
6142,1324,1,2024-07-02,2024-07-07,5,8662.27,No
6143,1324,4,2023-03-26,2023-03-29,3,4233.2,No
6144,1324,6,2023-11-19,2023-11-26,7,9450.66,No
6145,1325,5,2022-01-06,2022-01-08,2,3123.32,No
6146,1325,2,2024-12-11,2024-12-14,3,5277.86,No
6147,1325,5,2024-09-09,2024-09-10,1,2815.1,No
6148,1325,1,2024-05-18,2024-05-23,5,7189.24,No
6149,1325,1,2023-07-08,2023-07-13,5,7338.45,No
6150,1325,2,2022-08-03,2022-08-06,3,4913.99,No
6151,1326,3,2022-01-21,2022-01-23,2,4501.25,No
6152,1326,5,2024-07-17,2024-07-19,2,3367.87,No
6153,1326,5,2022-03-20,2022-03-23,3,4470.13,No
6154,1326,2,2024-09-08,2024-09-14,6,8764.59,No
6155,1326,5,2023-03-24,2023-03-27,3,5291.71,No
6156,1326,1,2023-07-12,2023-07-19,7,8991.93,No
6157,1327,4,2022-11-05,2022-11-08,3,4023.4,No
6158,1327,2,2024-05-13,2024-05-16,3,5686.09,No
6159,1327,1,2024-07-17,2024-07-23,6,8023.26,No
6160,1328,4,2023-02-13,2023-02-14,1,2220.85,No
6161,1328,2,2024-08-10,2024-08-13,3,5477.49,No
6162,1328,6,2024-07-18,2024-07-23,5,10225.01,No
6163,1328,1,2024-04-30,2024-05-05,5,6754.07,No
6164,1328,3,2022-10-02,2022-10-05,3,4539.56,No
6165,1328,2,2023-10-23,2023-10-28,5,6211.18,No
6166,1329,4,2023-11-02,2023-11-04,2,3626.23,No
6167,1329,4,2022-12-13,2022-12-15,2,2934.16,No
6168,1329,3,2023-01-29,2023-02-02,4,7069.29,No
6169,1329,1,2024-05-20,2024-05-23,3,5444.05,No
6170,1330,6,2023-02-19,2023-02-27,8,10148.2,Yes
6171,1330,6,2022-07-01,2022-07-10,9,13570.12,No
6172,1330,1,2022-02-09,2022-02-15,6,8949.67,No
6173,1330,5,2024-08-27,2024-08-30,3,4533.02,No
6174,1330,2,2023-04-06,2023-04-12,6,8558.43,No
6175,1331,6,2024-01-15,2024-01-22,7,9582.58,No
6176,1331,5,2024-04-26,2024-04-27,1,2818.13,No
6177,1331,6,2024-04-12,2024-04-20,8,11676.2,No
6178,1331,6,2024-06-26,2024-07-03,7,8625.38,Yes
6179,1332,2,2024-10-16,2024-10-19,3,4790.73,No
6180,1332,6,2023-04-23,2023-05-02,9,10959.88,Yes
6181,1332,5,2022-12-22,2022-12-26,4,4821.53,No
6182,1332,1,2024-03-14,2024-03-19,5,8105.48,No
6183,1332,4,2024-09-21,2024-09-23,2,3726.69,No
6184,1332,6,2023-10-26,2023-11-03,8,9843.86,No
6185,1333,6,2022-10-31,2022-11-08,8,12699.75,No
6186,1333,4,2024-07-22,2024-07-24,2,4503.1,No
6187,1333,5,2024-01-15,2024-01-17,2,3034.85,Yes
6188,1333,6,2022-07-06,2022-07-09,3,6365.74,No
6189,1334,2,2022-05-14,2022-05-18,4,5572.23,No
6190,1334,6,2024-05-05,2024-05-13,8,13371.43,Yes
6191,1335,3,2023-02-12,2023-02-16,4,4360.88,No
6192,1336,1,2022-07-29,2022-08-01,3,,No
6193,1336,1,2024-11-11,2024-11-15,4,5926.64,No
6194,1336,3,2022-04-18,2022-04-19,1,2706.05,Yes
6195,1336,4,2022-08-29,2022-08-30,1,2584.97,Yes
6196,1336,6,2023-09-08,2023-09-14,6,8351.33,No
6197,1336,6,2024-09-12,2024-09-19,7,10246.12,No
6198,1337,5,2022-10-29,2022-10-31,2,2830.63,No
6199,1338,2,2024-09-03,2024-09-07,4,6387.89,No
6200,1338,3,2022-09-25,2022-09-28,3,4657.33,No
6201,1338,2,2023-08-12,2023-08-17,5,7140.4,No
6202,1338,3,2023-02-03,2023-02-08,5,6959.45,No
6203,1339,5,2024-08-25,2024-08-27,2,3426.05,Yes
6204,1339,6,2024-09-06,2024-09-13,7,7755.48,No
6205,1340,6,2022-01-01,2022-01-08,7,10248.3,No
6206,1340,3,2023-10-05,2023-10-08,3,5767.36,No
6207,1341,1,2024-07-27,2024-08-02,6,7162.9,No
6208,1341,1,2024-09-03,2024-09-07,4,6852.96,No
6209,1341,2,2022-01-31,2022-02-03,3,4647.88,Yes
6210,1341,2,2024-02-28,2024-03-04,5,5873.58,No
6211,1342,1,2024-01-26,2024-02-02,7,8918.93,No
6212,1342,5,2024-08-17,2024-08-17,0,1856.45,No
6213,1342,1,2022-09-19,2022-09-24,5,6083.39,No
6214,1342,1,2024-10-26,2024-10-30,4,6612.18,No
6215,1342,3,2024-11-02,2024-11-05,3,4845.83,No
6216,1342,6,2022-02-15,2022-02-20,5,6794.82,No
6217,1343,2,2022-11-12,2022-11-18,6,9751.06,No
6218,1343,6,2024-03-29,2024-04-07,9,10038.88,No
6219,1343,1,2024-02-07,2024-02-13,6,6965.52,No
6220,1344,5,2022-12-08,2022-12-11,3,4279.14,No
6221,1344,6,2022-07-08,2022-07-14,6,7442.2,No
6222,1344,4,2023-01-05,2023-01-07,2,3641.63,No
6223,1344,4,2024-09-09,2024-09-09,0,1298.94,No
6224,1344,2,2024-12-08,2024-12-13,5,5883.97,No
6225,1344,4,2022-08-18,2022-08-19,1,2121.4,Yes
6226,1345,4,2024-02-13,2024-02-16,3,3959.87,No
6227,1345,3,2022-11-30,2022-12-04,4,6267.34,No
6228,1345,4,2023-09-08,2023-09-10,2,3693.24,No
6229,1345,1,2024-08-09,2024-08-13,4,6344.36,No
6230,1345,6,2022-04-28,2022-05-04,6,10391.1,No
6231,1345,2,2023-10-11,2023-10-15,4,5837.0,No
6232,1346,1,2022-08-19,2022-08-21,2,3937.9,No
6233,1346,2,2024-02-15,2024-02-19,4,6035.31,No
6234,1346,6,2022-06-14,2022-06-20,6,8478.11,No
6235,1346,6,2023-02-08,2023-02-15,7,10071.06,No
6236,1347,6,2024-12-02,2024-12-08,6,10780.13,No
6237,1347,5,2022-11-06,2022-11-07,1,2665.05,No
6238,1347,3,2023-05-17,2023-05-23,6,6323.88,No
6239,1347,3,2022-12-27,2022-12-30,3,4690.9,No
6240,1347,5,2023-01-15,2023-01-18,3,4062.7,No
6241,1347,2,2023-01-03,2023-01-05,2,3833.1,No
6242,1348,6,2024-10-01,2024-10-07,6,10120.14,No
6243,1348,4,2023-09-19,2023-09-24,5,5493.59,Yes
6244,1348,5,2023-03-03,2023-03-03,0,1116.73,No
6245,1348,4,2022-02-16,2022-02-19,3,4919.95,No
6246,1349,1,2022-11-14,2022-11-24,10,13625.64,No
6247,1349,4,2023-01-30,2023-02-01,2,3846.92,No
6248,1349,6,2023-07-28,2023-08-05,8,8948.18,Yes
6249,1350,1,2023-09-22,2023-09-25,3,5295.05,No
6250,1351,5,2023-06-20,2023-06-20,0,1476.77,Yes
6251,1352,5,2024-02-16,2024-02-19,3,4020.94,No
6252,1352,4,2023-12-06,2023-12-06,0,1738.75,No
6253,1352,4,2023-04-11,2023-04-11,0,1614.37,No
6254,1352,2,2022-04-13,2022-04-19,6,7630.64,No
6255,1353,5,2022-12-11,2022-12-13,2,2947.06,No
6256,1353,6,2024-01-01,2024-01-06,5,9308.11,No
6257,1353,2,2022-01-29,2022-02-02,4,6935.45,Yes
6258,1354,2,2022-07-09,2022-07-12,3,6579.2,No
6259,1354,6,2022-08-23,2022-08-31,8,10898.42,No
6260,1354,6,2024-08-26,2024-08-31,5,7447.88,No
6261,1354,1,2023-12-26,2023-12-29,3,4713.89,Yes
6262,1355,6,2023-09-27,2023-10-06,9,10438.06,No
6263,1355,5,2024-07-08,2024-07-11,3,5113.59,No
6264,1356,1,2024-10-15,2024-10-21,6,7364.63,No
6265,1356,6,2022-11-02,2022-11-09,7,9984.8,No
6266,1356,2,2023-05-30,2023-06-04,5,6391.28,No
6267,1356,2,2022-01-22,2022-01-26,4,4704.54,Yes
6268,1357,3,2024-04-07,2024-04-09,2,3304.69,Yes
6269,1357,2,2023-06-08,2023-06-08,0,2590.53,No
6270,1357,2,2023-09-10,2023-09-15,5,6119.33,No
6271,1357,5,2024-06-27,2024-06-28,1,2733.85,No
6272,1357,3,2023-11-04,2023-11-05,1,2795.93,No
6273,1357,4,2022-02-28,2022-03-02,2,2849.98,No
6274,1358,2,2022-12-15,2022-12-21,6,7838.27,No
6275,1358,3,2022-03-02,2022-03-04,2,4211.67,No
6276,1358,1,2022-03-30,2022-04-05,6,7575.07,No
6277,1359,4,2024-09-11,2024-09-14,3,5357.8,No
6278,1360,1,2022-07-12,2022-07-18,6,7176.25,No
6279,1360,3,2024-08-14,2024-08-18,4,5021.46,No
6280,1360,3,2023-01-08,2023-01-11,3,4148.65,Yes
6281,1360,5,2022-09-25,2022-09-26,1,2673.61,No
6282,1360,5,2024-08-08,2024-08-10,2,3895.47,No
6283,1360,3,2022-04-15,2022-04-21,6,7397.29,No
6284,1361,4,2022-01-07,2022-01-07,0,1520.21,No
6285,1361,2,2022-12-04,2022-12-09,5,6754.45,No
6286,1361,6,2022-11-02,2022-11-13,11,13471.53,No
6287,1362,6,2023-10-30,2023-11-08,9,11097.41,Yes
6288,1363,1,2024-08-19,2024-08-23,4,6244.59,No
6289,1363,2,2023-04-28,2023-05-02,4,4515.1,No
6290,1363,5,2022-02-16,2022-02-19,3,2761.1,Yes
6291,1363,3,2024-05-17,2024-05-20,3,4108.29,No
6292,1364,5,2024-12-28,2024-12-31,3,4190.29,No
6293,1364,5,2023-03-16,2023-03-17,1,2631.05,No
6294,1364,3,2023-08-12,2023-08-17,5,5787.07,No
6295,1364,3,2022-03-08,2022-03-11,3,5275.88,No
6296,1364,1,2024-01-23,2024-01-29,6,8074.9,No
6297,1364,2,2024-10-31,2024-11-04,4,4696.58,No
6298,1365,4,2024-02-24,2024-02-24,0,1212.99,No
6299,1365,1,2023-05-14,2023-05-16,2,5020.11,No
6300,1365,2,2023-08-31,2023-09-05,5,7879.95,No
6301,1365,4,2023-01-20,2023-01-20,0,1749.0,No
6302,1365,5,2022-05-31,2022-05-31,0,1792.73,Yes
6303,1365,4,2022-12-16,2022-12-19,3,4008.02,No
6304,1366,1,2024-02-02,2024-02-09,7,9568.71,No
6305,1366,5,2022-05-01,2022-05-01,0,1531.31,No
6306,1366,4,2022-07-31,2022-08-02,2,3431.74,No
6307,1366,5,2024-11-29,2024-12-02,3,4046.84,No
6308,1366,6,2022-12-10,2022-12-15,5,8242.1,No
6309,1366,4,2022-05-31,2022-06-03,3,4506.33,No
6310,1367,5,2023-08-29,2023-08-31,2,3353.12,Yes
6311,1367,5,2024-10-28,2024-10-28,0,1756.32,No
6312,1367,1,2024-04-23,2024-04-26,3,4604.66,No
6313,1367,5,2024-08-25,2024-08-27,2,3399.08,Yes
6314,1367,3,2022-07-30,2022-08-01,2,3517.92,No
6315,1367,6,2022-10-02,2022-10-06,4,6402.86,No
6316,1368,2,2023-03-21,2023-03-25,4,5672.59,No
6317,1368,2,2023-06-07,2023-06-12,5,7025.98,No
6318,1368,5,2023-03-16,2023-03-16,0,1174.65,No
6319,1368,5,2024-06-12,2024-06-15,3,2546.82,No
6320,1369,5,2024-12-05,2024-12-08,3,4892.2,No
6321,1369,6,2022-12-04,2022-12-12,8,10114.17,Yes
6322,1369,6,2024-06-21,2024-07-02,11,11465.13,No
6323,1369,5,2024-06-24,2024-06-26,2,3997.7,No
6324,1369,1,2024-06-02,2024-06-06,4,7060.18,No
6325,1369,4,2023-06-08,2023-06-08,0,1610.09,No
6326,1370,5,2022-01-12,2022-01-13,1,2907.68,No
6327,1370,6,2023-07-23,2023-07-30,7,10109.82,No
6328,1370,3,2024-10-02,2024-10-05,3,4624.62,No
6329,1370,1,2024-05-04,2024-05-09,5,8511.65,No
6330,1371,3,2023-05-19,2023-05-23,4,,No
6331,1371,3,2023-06-25,2023-06-28,3,4079.73,No
6332,1371,4,2023-08-13,2023-08-16,3,5199.43,No
6333,1371,5,2022-02-08,2022-02-10,2,2887.37,No
6334,1372,5,2022-11-30,2022-12-02,2,3742.33,No
6335,1372,5,2023-07-23,2023-07-23,0,1076.71,No
6336,1372,2,2023-12-22,2023-12-25,3,4951.39,No
6337,1372,5,2024-06-28,2024-06-30,2,2902.29,No
6338,1373,6,2024-09-02,2024-09-10,8,11494.63,No
6339,1373,2,2024-07-08,2024-07-12,4,6496.6,No
6340,1373,3,2022-12-26,2022-12-29,3,4825.17,No
6341,1373,1,2023-12-09,2023-12-12,3,5556.46,Yes
6342,1373,5,2024-12-09,2024-12-09,0,1639.1,No
6343,1374,5,2023-09-01,2023-09-01,0,1873.33,No
6344,1374,5,2024-05-16,2024-05-19,3,4219.85,No
6345,1374,1,2022-12-20,2022-12-24,4,5407.46,No
6346,1374,5,2024-10-08,2024-10-08,0,1846.16,No
6347,1375,6,2024-08-06,2024-08-13,7,9693.5,No
6348,1375,2,2022-04-05,2022-04-08,3,4761.93,No
6349,1376,2,2022-06-21,2022-06-27,6,7597.81,No
6350,1376,5,2024-09-23,2024-09-26,3,3814.08,No
6351,1376,4,2023-06-25,2023-06-28,3,4566.17,No
6352,1376,5,2024-04-26,2024-04-28,2,2990.67,No
6353,1376,4,2023-02-02,2023-02-04,2,3641.61,No
6354,1376,3,2024-09-04,2024-09-07,3,4788.85,Yes
6355,1377,2,2023-10-12,2023-10-16,4,5654.9,No
6356,1377,5,2024-05-10,2024-05-12,2,3096.86,No
6357,1377,1,2023-10-12,2023-10-17,5,7213.96,No
6358,1377,5,2023-11-10,2023-11-13,3,5035.04,No
6359,1378,1,2022-09-18,2022-09-22,4,6842.85,No
6360,1378,4,2022-07-30,2022-07-30,0,1673.47,No
6361,1379,2,2024-11-21,2024-11-25,4,4892.83,No
6362,1379,2,2022-05-21,2022-05-24,3,5205.13,No
6363,1379,3,2023-09-30,2023-10-03,3,5173.8,No
6364,1379,5,2023-12-30,2023-12-31,1,2519.01,No
6365,1379,1,2024-12-24,2024-12-30,6,6923.39,No
6366,1379,4,2022-07-18,2022-07-19,1,2410.26,No
6367,1380,4,2023-01-14,2023-01-17,3,4217.66,No
6368,1380,3,2023-12-25,2023-12-28,3,5895.88,Yes
6369,1380,5,2022-11-27,2022-11-27,0,1953.49,No
6370,1381,3,2023-09-02,2023-09-07,5,6778.45,No
6371,1382,2,2022-02-22,2022-02-24,2,4365.63,No
6372,1382,5,2024-11-05,2024-11-05,0,1700.89,No
6373,1383,3,2024-12-08,2024-12-12,4,5378.87,No
6374,1383,3,2024-06-28,2024-06-30,2,3392.55,No
6375,1383,2,2022-11-08,2022-11-13,5,7574.4,No
6376,1383,2,2022-06-03,2022-06-09,6,7542.81,No
6377,1384,5,2022-03-10,2022-03-11,1,2703.78,No
6378,1384,3,2022-02-20,2022-02-22,2,3976.67,Yes
6379,1385,4,2022-11-19,2022-11-23,4,4571.94,No
6380,1385,2,2023-06-27,2023-06-29,2,3698.11,No
6381,1385,4,2023-08-04,2023-08-07,3,4812.7,No
6382,1385,3,2022-05-26,2022-05-28,2,3962.63,Yes
6383,1385,3,2022-09-24,2022-09-29,5,6540.7,No
6384,1385,1,2024-10-20,2024-10-26,6,8569.95,No
6385,1386,1,2022-11-18,2022-11-28,10,13459.11,No
6386,1386,2,2024-03-05,2024-03-11,6,7918.94,No
6387,1386,1,2022-12-22,2022-12-28,6,8273.2,No
6388,1386,5,2024-02-01,2024-02-01,0,1853.9,No
6389,1386,2,2024-03-16,2024-03-23,7,7361.92,No
6390,1386,4,2022-03-02,2022-03-04,2,2642.2,No
6391,1387,2,2024-07-24,2024-07-29,5,6579.36,No
6392,1387,4,2022-03-10,2022-03-11,1,2892.12,Yes
6393,1387,5,2024-02-02,2024-02-05,3,4330.62,Yes
6394,1387,5,2023-08-24,2023-08-26,2,3533.27,Yes
6395,1387,3,2024-07-02,2024-07-03,1,2796.55,No
6396,1388,4,2024-07-01,2024-07-03,2,3450.16,Yes
6397,1388,5,2023-09-19,2023-09-19,0,1721.63,No
6398,1388,4,2022-01-18,2022-01-18,0,1679.63,No
6399,1388,3,2024-12-09,2024-12-11,2,3491.64,No
6400,1388,2,2023-07-01,2023-07-09,8,10743.75,No
6401,1388,5,2022-09-09,2022-09-10,1,2548.49,Yes
6402,1389,2,2022-11-23,2022-11-27,4,5236.44,No
6403,1389,3,2024-11-16,2024-11-18,2,3638.97,No
6404,1389,6,2023-04-26,2023-05-03,7,10960.87,No
6405,1389,5,2024-02-25,2024-02-29,4,4336.1,No
6406,1389,2,2022-04-08,2022-04-15,7,8308.19,No
6407,1389,4,2024-08-31,2024-08-31,0,2094.75,No
6408,1390,1,2022-04-04,2022-04-11,7,10105.26,No
6409,1390,5,2022-03-18,2022-03-23,5,7579.04,No
6410,1390,4,2022-04-14,2022-04-17,3,3171.73,No
6411,1390,3,2024-08-29,2024-09-01,3,4642.22,No
6412,1390,1,2023-02-23,2023-03-01,6,8360.6,No
6413,1390,4,2022-01-15,2022-01-18,3,4921.3,No
6414,1391,1,2022-04-24,2022-04-28,4,6507.9,No
6415,1391,6,2022-04-20,2022-04-27,7,10589.74,No
6416,1391,6,2023-12-18,2023-12-22,4,6106.15,No
6417,1391,6,2023-06-05,2023-06-13,8,9931.82,No
6418,1392,1,2022-09-04,2022-09-09,5,8624.79,No
6419,1392,2,2024-10-08,2024-10-11,3,5007.57,No
6420,1392,1,2022-08-10,2022-08-13,3,5709.99,No
6421,1393,5,2023-12-08,2023-12-08,0,1497.16,No
6422,1393,6,2023-12-30,2024-01-03,4,6984.12,No
6423,1393,5,2024-02-26,2024-02-28,2,4115.82,No
6424,1393,4,2022-03-27,2022-03-27,0,1694.25,No
6425,1393,5,2024-03-16,2024-03-16,0,1388.28,Yes
6426,1394,3,2024-11-28,2024-11-28,0,1366.79,No
6427,1394,2,2022-11-28,2022-11-29,1,3678.33,No
6428,1395,2,2023-07-14,2023-07-19,5,8334.09,No
6429,1395,4,2023-01-09,2023-01-11,2,3391.42,No
6430,1396,4,2024-08-08,2024-08-10,2,3550.12,No
6431,1396,3,2022-09-20,2022-09-25,5,7012.4,No
6432,1396,4,2022-04-19,2022-04-22,3,4342.44,No
6433,1397,5,2024-01-25,2024-01-27,2,3607.15,Yes
6434,1397,4,2024-02-10,2024-02-13,3,4157.66,No
6435,1397,2,2023-07-01,2023-07-05,4,6719.54,Yes
6436,1397,1,2024-11-15,2024-11-20,5,6913.4,No
6437,1398,1,2022-11-08,2022-11-14,6,6530.97,No
6438,1398,3,2023-08-04,2023-08-06,2,3467.57,No
6439,1398,6,2022-08-28,2022-09-07,10,13138.08,No
6440,1398,6,2023-08-02,2023-08-11,9,11696.95,No
6441,1399,6,2024-05-17,2024-05-23,6,9280.08,No
6442,1399,5,2023-04-10,2023-04-10,0,1632.82,No
6443,1400,1,2023-06-16,2023-06-20,4,7485.9,No
6444,1400,3,2024-10-24,2024-10-28,4,5708.49,No
6445,1400,2,2023-12-06,2023-12-07,1,3435.77,No
6446,1400,1,2023-02-27,2023-03-03,4,6760.08,No
6447,1400,5,2024-04-22,2024-04-23,1,3322.58,Yes
6448,1401,4,2022-10-14,2022-10-15,1,2342.45,No
6449,1401,3,2024-12-24,2024-12-25,1,2554.7,No
6450,1402,6,2022-09-22,2022-09-27,5,9056.51,No
6451,1402,5,2023-12-24,2023-12-27,3,4218.98,No
6452,1402,4,2024-08-28,2024-08-28,0,1487.82,No
6453,1402,5,2023-09-09,2023-09-09,0,1966.53,No
6454,1403,2,2024-10-12,2024-10-15,3,4223.61,Yes
6455,1404,6,2024-10-09,2024-10-17,8,9683.64,Yes
6456,1404,4,2022-11-28,2022-12-02,4,6134.15,Yes
6457,1405,6,2022-01-30,2022-02-05,6,10662.51,No
6458,1406,4,2024-09-03,2024-09-05,2,3284.73,No
6459,1406,5,2023-09-27,2023-09-28,1,2539.25,No
6460,1406,3,2022-01-21,2022-01-24,3,5600.17,No
6461,1407,6,2023-09-29,2023-10-06,7,9499.08,No
6462,1407,1,2023-07-04,2023-07-09,5,8110.13,No
6463,1407,4,2024-05-03,2024-05-04,1,2765.66,No
6464,1408,1,2024-12-22,2024-12-27,5,7442.63,No
6465,1408,3,2023-02-08,2023-02-09,1,3221.26,No
6466,1409,5,2022-02-22,2022-02-25,3,5142.04,No
6467,1410,5,2024-07-16,2024-07-17,1,2259.09,Yes
6468,1410,3,2022-09-09,2022-09-12,3,4160.17,No
6469,1410,2,2024-08-24,2024-08-30,6,9333.06,No
6470,1411,6,2022-08-17,2022-08-21,4,6885.37,No
6471,1412,1,2024-10-22,2024-10-30,8,8917.0,No
6472,1412,1,2022-05-09,2022-05-12,3,5303.03,No
6473,1412,5,2024-02-01,2024-02-02,1,2665.61,No
6474,1412,5,2024-10-30,2024-11-02,3,3707.25,No
6475,1412,3,2024-09-16,2024-09-18,2,4401.3,No
6476,1413,3,2023-10-14,2023-10-18,4,5961.92,No
6477,1413,4,2022-09-30,2022-10-01,1,3124.19,Yes
6478,1413,5,2023-08-02,2023-08-05,3,4448.56,No
6479,1414,1,2024-09-25,2024-09-29,4,6133.2,No
6480,1414,6,2024-12-10,2024-12-16,6,8502.72,No
6481,1414,2,2023-12-23,2023-12-29,6,8779.43,No
6482,1414,6,2023-02-21,2023-03-01,8,9917.85,No
6483,1414,4,2024-07-24,2024-07-24,0,1801.42,No
6484,1415,6,2022-10-30,2022-11-07,8,10898.0,Yes
6485,1415,4,2023-11-25,2023-11-29,4,4947.54,No
6486,1415,6,2022-02-13,2022-02-22,9,11490.88,No
6487,1415,5,2023-05-22,2023-05-22,0,1330.55,No
6488,1415,3,2024-01-07,2024-01-10,3,4192.12,No
6489,1416,5,2023-01-04,2023-01-07,3,5362.59,Yes
6490,1416,6,2024-01-15,2024-01-21,6,9537.61,No
6491,1417,6,2023-06-19,2023-06-26,7,9544.62,No
6492,1417,5,2023-04-05,2023-04-10,5,6754.49,No
6493,1418,3,2023-06-28,2023-06-29,1,3049.6,No
6494,1418,3,2024-02-02,2024-02-04,2,3646.93,No
6495,1418,1,2023-01-20,2023-01-22,2,5251.26,No
6496,1418,3,2023-01-21,2023-01-25,4,5752.46,No
6497,1418,4,2024-10-11,2024-10-11,0,1802.88,No
6498,1419,3,2024-12-23,2024-12-26,3,5112.38,No
6499,1420,4,2023-02-21,2023-02-24,3,5015.89,No
6500,1420,3,2024-05-29,2024-05-29,0,2269.31,No
6501,1421,3,2023-10-11,2023-10-13,2,2920.11,No
6502,1422,1,2024-07-17,2024-07-22,5,7430.19,No
6503,1422,2,2022-11-21,2022-11-24,3,6186.14,Yes
6504,1422,4,2023-06-22,2023-06-24,2,3940.91,No
6505,1422,6,2022-02-26,2022-03-04,6,8866.03,No
6506,1422,4,2023-01-10,2023-01-10,0,959.25,No
6507,1423,3,2022-03-22,2022-03-24,2,3823.74,No
6508,1423,5,2024-10-16,2024-10-18,2,2722.56,Yes
6509,1423,1,2023-01-21,2023-01-28,7,9976.53,No
6510,1423,4,2024-07-24,2024-07-27,3,4567.14,No
6511,1424,3,2023-07-11,2023-07-17,6,7102.98,No
6512,1425,5,2022-02-16,2022-02-17,1,1762.71,No
6513,1425,5,2024-06-14,2024-06-15,1,2146.38,No
6514,1425,1,2023-07-18,2023-07-23,5,6476.99,No
6515,1426,6,2024-01-15,2024-01-21,6,9872.3,No
6516,1427,3,2024-05-26,2024-05-28,2,3295.4,No
6517,1428,3,2024-07-16,2024-07-17,1,3541.03,No
6518,1428,2,2022-02-22,2022-02-27,5,7101.03,No
6519,1428,3,2023-08-28,2023-09-01,4,5895.66,No
6520,1429,1,2022-12-20,2022-12-24,4,7133.81,No
6521,1429,5,2024-08-20,2024-08-22,2,2806.67,Yes
6522,1430,2,2024-03-27,2024-03-31,4,5879.0,No
6523,1430,2,2023-12-25,2023-12-27,2,3160.53,No
6524,1431,1,2022-06-24,2022-06-28,4,7569.35,No
6525,1432,4,2024-09-29,2024-10-02,3,3438.27,No
6526,1432,5,2022-05-03,2022-05-08,5,6561.29,No
6527,1432,1,2023-04-16,2023-04-22,6,7669.13,No
6528,1432,2,2022-10-05,2022-10-10,5,7700.75,No
6529,1432,1,2023-01-05,2023-01-09,4,7086.87,No
6530,1433,2,2022-09-13,2022-09-18,5,6559.56,No
6531,1433,3,2024-06-21,2024-06-24,3,4670.85,No
6532,1434,1,2023-12-10,2023-12-14,4,6788.1,No
6533,1434,3,2023-11-13,2023-11-15,2,3698.0,No
6534,1434,3,2024-04-11,2024-04-13,2,4010.23,No
6535,1434,1,2024-01-08,2024-01-13,5,7242.09,No
6536,1434,1,2024-05-31,2024-06-04,4,6748.54,No
6537,1434,3,2022-05-22,2022-05-23,1,3157.79,No
6538,1435,4,2024-06-19,2024-06-19,0,1456.32,No
6539,1435,2,2023-01-09,2023-01-14,5,7353.96,No
6540,1435,6,2023-11-29,2023-12-06,7,9240.45,No
6541,1435,5,2024-09-15,2024-09-17,2,2815.37,No
6542,1436,2,2024-10-07,2024-10-10,3,5500.19,No
6543,1436,6,2023-12-29,2024-01-02,4,7654.91,No
6544,1436,5,2022-09-25,2022-09-29,4,4482.95,Yes
6545,1436,4,2022-02-19,2022-02-19,0,1408.08,No
6546,1436,5,2024-11-17,2024-11-19,2,3617.49,No
6547,1437,6,2022-06-30,2022-07-09,9,10230.83,No
6548,1437,6,2022-05-29,2022-06-04,6,8692.63,No
6549,1437,3,2023-11-15,2023-11-18,3,5093.1,No
6550,1437,5,2023-08-29,2023-09-01,3,5438.17,No
6551,1437,1,2022-06-18,2022-06-24,6,8446.53,No
6552,1438,4,2022-09-30,2022-10-01,1,2160.36,No
6553,1439,6,2023-09-18,2023-09-25,7,8698.96,No
6554,1439,6,2024-01-10,2024-01-14,4,6602.02,Yes
6555,1439,5,2022-08-22,2022-08-23,1,2292.28,No
6556,1439,5,2024-10-08,2024-10-09,1,2325.47,No
6557,1439,6,2022-11-13,2022-11-21,8,10889.71,No
6558,1440,6,2023-10-12,2023-10-17,5,9240.03,Yes
6559,1440,4,2024-06-24,2024-06-24,0,1582.2,No
6560,1441,5,2024-04-01,2024-04-02,1,2720.98,No
6561,1441,1,2024-02-09,2024-02-13,4,6491.81,No
6562,1441,6,2022-04-28,2022-05-04,6,7722.58,No
6563,1442,5,2022-04-23,2022-04-28,5,5604.05,Yes
6564,1442,2,2023-01-15,2023-01-19,4,6754.67,No
6565,1442,6,2022-01-14,2022-01-17,3,5642.88,Yes
6566,1442,5,2024-07-16,2024-07-18,2,3684.29,No
6567,1443,3,2022-11-24,2022-11-27,3,4862.75,No
6568,1443,4,2024-05-29,2024-05-29,0,1597.61,No
6569,1444,3,2023-03-30,2023-04-01,2,4419.03,No
6570,1444,3,2024-03-17,2024-03-19,2,3644.26,No
6571,1444,1,2022-02-12,2022-02-16,4,5419.28,No
6572,1444,3,2022-09-04,2022-09-07,3,4649.27,No
6573,1444,5,2023-01-06,2023-01-08,2,3329.33,No
6574,1444,1,2022-04-06,2022-04-09,3,5648.94,No
6575,1445,4,2024-06-19,2024-06-22,3,5000.79,No
6576,1445,5,2022-06-25,2022-06-26,1,2911.43,Yes
6577,1445,1,2023-08-06,2023-08-11,5,7440.95,Yes
6578,1445,3,2022-01-15,2022-01-16,1,2903.31,No
6579,1445,4,2024-04-25,2024-04-28,3,3895.95,No
6580,1445,5,2022-06-09,2022-06-11,2,2989.94,Yes
6581,1446,1,2023-10-06,2023-10-09,3,5277.65,No
6582,1446,1,2023-03-25,2023-03-29,4,6094.92,No
6583,1446,1,2024-05-08,2024-05-10,2,4697.35,No
6584,1446,1,2023-11-28,2023-12-02,4,6452.29,No
6585,1446,1,2022-08-30,2022-09-04,5,8347.16,No
6586,1446,6,2024-08-26,2024-09-03,8,10882.52,No
6587,1447,1,2024-06-06,2024-06-10,4,6362.07,No
6588,1447,6,2024-09-24,2024-10-02,8,10272.19,No
6589,1448,3,2023-11-25,2023-11-27,2,3564.74,No
6590,1449,5,2023-01-06,2023-01-08,2,3583.23,No
6591,1449,5,2023-01-11,2023-01-11,0,1516.62,Yes
6592,1450,5,2023-05-04,2023-05-04,0,1606.22,No
6593,1450,1,2023-07-12,2023-07-15,3,4963.2,No
6594,1450,6,2024-01-23,2024-01-29,6,8570.19,No
6595,1450,3,2024-08-06,2024-08-13,7,9457.53,No
6596,1450,2,2024-07-14,2024-07-17,3,6055.51,No
6597,1450,3,2022-12-09,2022-12-14,5,6887.32,No
6598,1451,4,2023-06-12,2023-06-12,0,1562.28,No
6599,1451,4,2023-02-17,2023-02-20,3,4305.1,No
6600,1451,3,2022-10-25,2022-10-31,6,5988.12,No
6601,1451,5,2024-06-03,2024-06-05,2,3793.81,No
6602,1452,3,2023-02-26,2023-03-01,3,4828.32,No
6603,1453,4,2023-12-15,2023-12-15,0,1763.17,No
6604,1453,6,2022-04-22,2022-04-27,5,7761.46,No
6605,1453,2,2022-04-21,2022-04-23,2,4132.41,No
6606,1454,2,2022-03-27,2022-03-30,3,4327.15,No
6607,1454,5,2022-05-28,2022-05-29,1,2133.84,Yes
6608,1454,1,2023-11-21,2023-11-25,4,5849.35,No
6609,1454,1,2024-03-09,2024-03-10,1,3654.77,No
6610,1454,4,2024-12-27,2024-12-28,1,2481.68,No
6611,1455,5,2022-01-22,2022-01-24,2,3772.26,No
6612,1455,2,2022-08-08,2022-08-11,3,5729.44,No
6613,1455,5,2023-10-19,2023-10-19,0,1474.75,Yes
6614,1456,2,2024-08-24,2024-08-28,4,5581.55,No
6615,1457,2,2024-01-13,2024-01-19,6,6161.77,No
6616,1458,5,2023-10-29,2023-11-01,3,4728.47,Yes
6617,1458,1,2022-08-09,2022-08-10,1,3490.89,No
6618,1458,2,2022-06-05,2022-06-09,4,7149.97,No
6619,1459,5,2024-09-09,2024-09-12,3,4591.6,No
6620,1459,4,2024-12-29,2024-12-30,1,3798.08,No
6621,1459,3,2023-05-07,2023-05-11,4,6099.74,No
6622,1460,5,2024-05-08,2024-05-08,0,1731.39,No
6623,1460,1,2023-10-01,2023-10-03,2,4762.79,No
6624,1460,5,2022-12-14,2022-12-19,5,7817.18,No
6625,1461,1,2023-01-14,2023-01-19,5,7626.48,No
6626,1462,5,2024-12-06,2024-12-07,1,2037.77,No
6627,1463,1,2022-10-13,2022-10-17,4,5546.11,No
6628,1464,6,2023-03-08,2023-03-14,6,8369.54,No
6629,1464,1,2022-06-25,2022-06-29,4,7952.98,No
6630,1464,4,2024-07-12,2024-07-15,3,4798.6,Yes
6631,1464,1,2023-10-09,2023-10-13,4,7868.79,No
6632,1465,4,2022-04-04,2022-04-08,4,5717.85,No
6633,1465,2,2023-12-22,2023-12-26,4,5719.84,No
6634,1465,2,2024-08-09,2024-08-13,4,4073.76,No
6635,1466,4,2024-06-19,2024-06-22,3,3675.03,No
6636,1466,3,2024-11-01,2024-11-04,3,5451.32,No
6637,1466,1,2023-05-19,2023-05-22,3,4637.31,No
6638,1466,4,2023-11-03,2023-11-04,1,2587.72,No
6639,1466,3,2024-06-01,2024-06-05,4,5636.12,No
6640,1466,3,2024-11-06,2024-11-07,1,2811.64,No
6641,1467,6,2023-06-18,2023-06-25,7,10070.8,Yes
6642,1467,5,2024-12-02,2024-12-05,3,3446.13,No
6643,1467,1,2024-06-06,2024-06-10,4,6030.87,No
6644,1467,2,2023-01-27,2023-01-31,4,6433.41,No
6645,1468,6,2022-03-28,2022-04-06,9,13954.87,No
6646,1468,1,2022-04-09,2022-04-14,5,7290.91,No
6647,1468,2,2022-12-26,2022-12-29,3,4802.77,No
6648,1468,4,2023-04-04,2023-04-08,4,4840.95,No
6649,1468,1,2022-10-02,2022-10-08,6,7109.53,No
6650,1468,2,2024-04-18,2024-04-21,3,5213.77,No
6651,1469,3,2022-12-31,2023-01-03,3,4490.6,No
6652,1469,4,2022-11-24,2022-11-25,1,3279.37,No
6653,1469,3,2022-04-02,2022-04-02,0,2494.52,No
6654,1469,2,2023-01-11,2023-01-15,4,6255.03,No
6655,1470,5,2024-12-21,2024-12-23,2,2886.94,No
6656,1470,6,2022-06-08,2022-06-14,6,9232.9,No
6657,1470,6,2024-11-28,2024-12-03,5,9787.63,No
6658,1470,1,2023-10-02,2023-10-07,5,6217.06,No
6659,1470,2,2023-11-18,2023-11-22,4,5132.44,No
6660,1471,1,2024-08-01,2024-08-07,6,7036.81,No
6661,1471,4,2023-10-28,2023-10-30,2,4456.66,No
6662,1471,1,2024-08-30,2024-09-04,5,5618.78,No
6663,1471,1,2022-12-31,2023-01-05,5,7747.22,No
6664,1471,3,2024-07-18,2024-07-20,2,3757.67,No
6665,1471,4,2022-04-15,2022-04-16,1,2109.65,No
6666,1472,5,2023-07-20,2023-07-22,2,3689.4,No
6667,1472,4,2022-08-01,2022-08-02,1,2616.72,No
6668,1473,3,2023-08-13,2023-08-15,2,3795.49,Yes
6669,1473,2,2022-03-31,2022-04-03,3,5270.05,No
6670,1474,2,2024-01-10,2024-01-14,4,6307.13,No
6671,1474,4,2024-03-02,2024-03-03,1,2430.8,No
6672,1474,3,2022-10-31,2022-11-05,5,6491.52,No
6673,1475,6,2022-08-20,2022-08-28,8,11228.35,No
6674,1475,5,2024-02-25,2024-02-27,2,3032.84,Yes
6675,1475,3,2022-05-01,2022-05-06,5,6419.32,No
6676,1475,2,2024-10-17,2024-10-24,7,8881.99,No
6677,1475,5,2022-07-24,2022-07-26,2,2929.99,No
6678,1476,5,2022-12-23,2022-12-23,0,1755.49,No
6679,1477,6,2024-07-18,2024-07-26,8,10560.56,Yes
6680,1477,5,2023-11-22,2023-11-22,0,1143.38,No
6681,1477,1,2023-06-13,2023-06-17,4,6203.97,No
6682,1478,5,2023-08-07,2023-08-07,0,1372.47,Yes
6683,1479,1,2024-01-08,2024-01-13,5,6848.25,Yes
6684,1479,6,2023-06-22,2023-07-01,9,14488.7,No
6685,1479,6,2022-03-19,2022-03-26,7,11354.55,No
6686,1480,1,2024-11-20,2024-11-25,5,7491.93,No
6687,1480,4,2023-04-21,2023-04-23,2,3734.75,No
6688,1480,3,2022-08-19,2022-08-21,2,3734.99,No
6689,1480,3,2024-11-13,2024-11-16,3,2850.1,No
6690,1480,5,2023-02-07,2023-02-07,0,1393.42,No
6691,1481,5,2023-06-02,2023-06-04,2,3315.74,No
6692,1481,4,2023-02-15,2023-02-17,2,3353.16,No
6693,1481,2,2022-01-09,2022-01-13,4,6308.2,No
6694,1482,5,2024-12-01,2024-12-03,2,3312.36,No
6695,1482,6,2024-02-12,2024-02-18,6,8641.12,No
6696,1482,2,2024-09-04,2024-09-08,4,6217.74,No
6697,1483,2,2024-07-03,2024-07-09,6,8294.96,No
6698,1484,5,2022-10-16,2022-10-16,0,2090.54,No
6699,1484,3,2023-02-11,2023-02-14,3,6043.09,No
6700,1484,6,2024-05-04,2024-05-12,8,10646.59,No
6701,1484,3,2022-07-26,2022-07-29,3,4685.11,No
6702,1484,3,2023-05-17,2023-05-20,3,5366.36,No
6703,1484,6,2024-11-07,2024-11-15,8,10083.64,No
6704,1485,5,2023-02-20,2023-02-23,3,3996.46,Yes
6705,1485,4,2023-02-26,2023-03-01,3,4651.49,No
6706,1485,4,2024-05-05,2024-05-06,1,2885.37,No
6707,1486,4,2022-10-11,2022-10-12,1,1978.4,No
6708,1487,2,2024-07-20,2024-07-22,2,3948.69,No
6709,1488,5,2023-01-24,2023-01-25,1,2343.89,Yes
6710,1488,1,2024-09-02,2024-09-03,1,3057.89,No
6711,1488,1,2024-08-28,2024-09-02,5,6890.7,No
6712,1489,4,2023-07-05,2023-07-08,3,3388.54,Yes
6713,1489,3,2023-08-29,2023-08-31,2,3088.55,No
6714,1489,2,2022-07-12,2022-07-17,5,6145.86,No
6715,1490,4,2022-09-07,2022-09-10,3,4243.13,No
6716,1490,3,2023-03-15,2023-03-17,2,4436.84,No
6717,1490,5,2023-09-06,2023-09-08,2,3829.87,Yes
6718,1490,4,2024-04-23,2024-04-24,1,3280.17,No
6719,1490,3,2024-07-31,2024-08-01,1,2720.72,No
6720,1491,2,2022-01-04,2022-01-10,6,7667.67,No
6721,1491,1,2023-10-01,2023-10-07,6,8602.96,No
6722,1491,4,2022-02-21,2022-02-24,3,4156.05,No
6723,1491,5,2022-02-05,2022-02-07,2,3326.96,No
6724,1491,3,2023-05-04,2023-05-07,3,4263.78,No
6725,1492,1,2023-05-20,2023-05-23,3,6081.77,No
6726,1492,2,2023-09-10,2023-09-10,0,2079.47,No
6727,1493,1,2024-06-02,2024-06-09,7,9154.94,No
6728,1493,2,2023-09-19,2023-09-21,2,3416.66,No
6729,1493,6,2022-05-28,2022-06-02,5,7610.66,No
6730,1494,6,2022-03-24,2022-03-31,7,9571.33,No
6731,1494,6,2023-01-04,2023-01-11,7,10753.62,No
6732,1494,4,2023-11-01,2023-11-02,1,1602.98,No
6733,1494,3,2022-05-10,2022-05-14,4,6043.26,No
6734,1494,2,2024-03-10,2024-03-12,2,4903.75,No
6735,1494,1,2023-07-26,2023-07-30,4,5696.25,No
6736,1495,4,2022-03-11,2022-03-13,2,4086.37,No
6737,1496,5,2024-10-19,2024-10-19,0,1913.18,Yes
6738,1496,1,2023-04-23,2023-04-29,6,7190.51,No
6739,1496,4,2023-11-17,2023-11-20,3,4271.77,No
6740,1496,6,2023-02-09,2023-02-14,5,9057.13,Yes
6741,1496,2,2023-01-20,2023-01-22,2,3568.44,No
6742,1496,2,2022-07-31,2022-08-03,3,4037.22,No
6743,1497,6,2023-08-06,2023-08-14,8,10407.87,No
6744,1497,4,2022-12-27,2022-12-28,1,2266.46,No
6745,1498,6,2023-08-29,2023-09-06,8,9112.95,No
6746,1498,4,2023-11-14,2023-11-14,0,1832.72,No
6747,1498,2,2024-03-09,2024-03-12,3,4367.75,No
6748,1498,5,2023-10-16,2023-10-18,2,2834.06,No
6749,1499,4,2022-12-19,2022-12-21,2,3654.45,Yes
6750,1499,5,2024-01-24,2024-01-27,3,4070.41,No
6751,1499,1,2023-01-31,2023-02-03,3,5170.78,No
6752,1499,3,2024-08-20,2024-08-20,0,1907.62,No
6753,1500,1,2022-09-12,2022-09-17,5,6827.65,No
